# Every function start in the executable, named or not - generated from the Ghidra decompile.
# Needed so an address can be attributed to the function that actually contains it: symbols.tsv
# holds only named functions, so the nearest preceding *name* can be thousands of bytes away and
# in a different function entirely.
00100008	entry
001000e0	FUN_001000e0
00100100	FUN_00100100
00100228	GameContextConstructor
001004c8	FUN_001004c8
00100698	FUN_00100698
00100b98	FUN_00100b98
00100cc8	FUN_00100cc8
00100dc8	FUN_00100dc8
00100f58	FUN_00100f58
001010e8	FUN_001010e8
00101168	SetColourRGBA
001011d8	FUN_001011d8
00101248	FUN_00101248
00101408	InitPublicObjectBuilder
00101428	FUN_00101428
00101458	FUN_00101458
00101488	FUN_00101488
00101490	FUN_00101490
001014a8	FUN_001014a8
001014b8	FUN_001014b8
001014e0	FUN_001014e0
00101500	FUN_00101500
00101520	CreateGameContext
00101610	GetSysFolder
00101620	BuilderIteratorAtEnd
00101650	FUN_00101650
00101660	FUN_00101660
00101678	SetColourAlpha
00101698	SetColourRed
001016b8	SetColourGreen
001016d8	SetColourBlue
001016f8	FUN_001016f8
00101720	BuildScriptCommand
00101768	BuildCommand_SetObject
0010181c	BuildCommand_Keep
00101954	BuildCommand_DestroyMe
00101ad8	BuildCommand_PosWarp
00101cbc	BuildCommand_RotWarp
00101d10	BuildCommand_StopMoving
00101d2c	BuildCommand_SetKey
00101da4	BuildCommand_NextKey
00101ddc	BuildCommand_RunScriptSlot
00101f88	BuildCommand_RestartPrevious
00101fa4	BuildCommand_SetBehaviourPriority
00101fc0	BuildCommand_ClearThreats
00101fdc	BuildCommand_SpawnResidentAgent
00101ff8	BuildCommand_SpawnResidentAgent2
00102188	BuildCommand_SetFocusToKey
001021e0	BuildCommand_SetFocusToAgent
00102220	BuildCommand_SetFocusToAgent2
00102264	BuildCommand_SetFocusToAgent3
001022a8	BuildCommand_AddNoiseToFocusPos
001022ec	BuildCommand_ClearFocus
00102308	BuildCommand_UnsupportOverFocus
00102324	BuildCommand_UnsupportAbove
00102434	BuildCommand_RequestAttachmentFocus
00102450	BuildCommand_RequestMessagersFocus
00102488	BuildCommand_RequestMessSourceAsFocus
001024c0	BuildCommand_SetFocusPosition
00102664	BuildCommand_SetFocusProperties
00102720	BuildCommand_SubtypeOf200
00102758	BuildCommand_ClearAnim
00102770	BuildCommand_ForceAnimUpdate
001027a8	BuildCommand_SetShadow
001027fc	BuildCommand_SetShadowCircle
00102868	BuildCommand_SetShadowMesh
001028c8	BuildCommand_SetShadowRectangle
00102934	BuildCommand_ShadowToggle
001029a8	BuildCommand_DUMMY_197
00102cb0	BuildCommand_SetSound
00102d28	BuildCommand_BeginMusic
00102d94	BuildCommand_EndContextMusic
00102e04	BuildCommand_SetWobble
00102e3c	BuildCommand_AlterWobblePhase
00102f08	BuildCommand_ClearWobble
00102f24	BuildCommand_StoreCurrentSpace
00102f3c	BuildCommand_PosWarp2
0010304c	BuildCommand_SubtypeOf177
00103144	BuildCommand_NowMoveForwards
00103160	BuildCommand_NowMoveBackwards
0010317c	BuildCommand_NowStrafeLeft
00103198	BuildCommand_NowStrafeRight
001031b4	BuildCommand_NowTurnLeft
001031d0	BuildCommand_NowTurnRight
001032a8	BuildCommand_TriggerLinkedObjects
00103348	BuildCommand_SetState
00103364	BuildCommand_ToggleState
00103644	BuildCommand_ClearUserMessage
00103660	BuildCommand_BroadcastUserMessage
001037fc	BuildCommand_RequestMessagersFocus2
00103828	BuildCommand_RequestMessagersFocus3
00103858	BuildCommand_RequestMessSourceAsFocus2
00103884	BuildCommand_RequestMessSourceAsFocus3
001038f4	BuildCommand_NextRouteNode
0010392c	BuildCommand_DiscardRoute
0010399c	BuildCommand_SetCollisions
00103a60	BuildCommand_SetLogicalRadius
00103aa0	BuildCommand_ClearCollisions
00103abc	BuildCommand_ContinueColliderMotion
00103b80	BuildCommand_RevertColliderMotion
00103b9c	BuildCommand_ColliderLaunchNow
00103c74	BuildCommand_ApplyImpulse
00103e0c	BuildCommand_BecomeSticky
00103e48	BuildCommand_BecomeNormal
00103eb8	BuildCommand_ClearContactResponse
00103f64	BuildCommand_SetSurface
001041a8	BuildCommand_AttachSpring
00104238	BuildCommand_DetachAllSprings
00104254	BuildCommand_DropAttachedObject
00104314	BuildCommand_ThrowAttachedObject
00104428	BuildCommand_RequestDetach
00104444	BuildCommand_DestroySpawnedAttachment
00104484	BuildCommand_ForceVolumeController
0010450c	BuildCommand_SetCounter
0010457c	BuildCommand_ModifyCounter
00104668	BuildCommand_PositionJoint
00104694	BuildCommand_SubtypeOf146_2
00104920	BuildCommand_NowRotateJoint
00104950	BuildCommand_AttachFocusObject2
00104ad4	BuildCommand_SetFocusToKey2
00104b38	BuildCommand_SetFocusToAgent4
00104b84	BuildCommand_RequestMessagersFocus4
00104bb4	BuildCommand_SetFocusPosition2
00104ce4	BuildCommand_AddNoiseToFocusPos2
00104d5c	BuildCommand_SubtypeOf146_1
00104dd4	BuildCommand_CreateCrateContents
00104f1c	BuildCommand_DamageOriginator
00104fac	BuildCommand_SetAgent
00104fc8	BuildCommand_ResetGame
00104fe4	BuildCommand_PlayCredits
00105000	BuildCommand_ForceGameOver
0010501c	BuildCommand_SetPlayerMode
001050c4	BuildCommand_DemoHubMusicFlagOn
001050e0	BuildCommand_FadeoutScreen
00105140	BuildCommand_BottomTextDisplay
00105188	BuildCommand_BottomTextClear
001051a4	BuildCommand_DisplayBottomTextInstance
001051e0	BuildCommand_CutsceneStart
00105204	BuildCommand_CutsceneEnd
00105228	BuildCommand_BottomTextShow
0010524c	BuildCommand_BottomTextHide
001052ec	BuildCommand_SetCrate
0010531c	BuildCommand_TriggerBalancedCrateFalling
00105370	BuildCommand_ControllerRumble
00105400	BuildCommand_SubtypeOf641_1
00105448	BuildCommand_SubtypeOf641_2
00105490	BuildCommand_SubtypeOf641_3
001054d8	BuildCommand_SubtypeOf641_4
00105554	BuildCommand_CharacterSoundProxy
00105594	BuildCommand_LinkToFocusCharacter
001055b0	BuildCommand_UnlinkCharacters
0010561c	BuildCommand_SetPlayerInput
0010566c	BuildCommand_TriggerAllNitroCrates
00105688	BuildCommand_ApplyVelocity
00105770	BuildCommand_ApplyVelocityToSelf
00105820	BuildCommand_NowGoBackCollidable
00105858	BuildCommand_SetChiChiGrass
00105920	BuildCommand_DismissCharacter
001059a0	BuildCommand_DisablePlayerControl
001059f8	BuildCommand_SwitchCharacter
00105a48	BuildCommand_PlayerVehicleBounce
00105a80	BuildCommand_SetKeyNearestPlayer
00105ab4	BuildCommand_RaycastFocusPosition
00105acc	BuildCommand_SetFocusToPlayer
00105b64	BuildCommand_RequestFocus
00105bb0	BuildCommand_RequestFocus2
00105be8	BuildCommand_RequestFocus3
00105d2c	BuildCommand_ReduceHitPoints
00105d44	BuildCommand_SetHitPoints
00105da0	BuildCommand_DUMMY_SetRayTests
00105db8	BuildCommand_DUMMY_NowGoForwardCollidable
00105df0	BuildCommand_DUMMY_536
00105e24	BuildCommand_DUMMY_FuelPayGate
00105e40	BuildCommand_SetCamera
00105ea8	BuildCommand_RestoreCameraDefaults
00105f40	BuildCommand_PlayerFaceTowardsCamera
00106044	BuildCommand_CameraSaveParams
0010607c	BuildCommand_CameraLoadParams
001060c0	BuildCommand_ToggleCutsceneCamera
0010617c	BuildCommand_CameraFocusObject
00106198	BuildCommand_CameraStopFocusObject
001061b4	BuildCommand_DUMMY_609
001061d0	BuildCommand_DUMMY_610
001062cc	BuildCommand_CameraTopdownMode
001062e8	BuildCommand_ResetCamera
00106304	BuildCommand_OpenAllLinkedFurniture
00106320	BuildCommand_CloseAllLinkedFurniture
0010633c	BuildCommand_AttachAllLinkedAgents
00106374	BuildCommand_DetachAllLinkedAgents
00106390	BuildCommand_AddCrystal
001063ac	BuildCommand_AddGem
001063d0	BuildCommand_CA_PickUpHealth
001063ec	BuildCommand_DUMMY_538
00106408	BuildCommand_CA_PickUpWumpa
0010643c	BuildCommand_CA_SetPickup
00106454	BuildCommand_CA_SetProjectile
001064dc	BuildCommand_Shoot
001065d0	BuildCommand_GetShortRoute
00106650	BuildCommand_SetPlayerRespawnPosition
0010670c	BuildCommand_ExitVehicleMode
00106728	BuildCommand_SetVehicleRollerbrawl
0010675c	BuildCommand_SetVehicleHumiliskate
00106798	BuildCommand_SetVehicleHoverboard
001067dc	BuildCommand_SetVehicleWrestleCreature
0010683c	BuildCommand_DUMMY_584
00106858	BuildCommand_DUMMY_586
00106888	BuildCommand_BossModeEnable
001068dc	BuildCommand_BossModeDamage
001068f8	BuildCommand_BossModeExit
00106914	BuildCommand_WhackawormStart
0010696c	BuildCommand_WhackawormProgress
00106988	BuildCommand_WhackawormEnd
00106bac	BuildCommand_PlayMovie
00106bf4	BuildCommand_AddAmmo
00106c40	BuildScriptCondition
00106c7c	BuildCondition_Next
00106ca4	BuildCondition_Else
00106cc0	BuildCondition_Random
00106cdc	BuildCondition_IsBusy
00106d30	BuildCondition_FocusIsBusy
00106da0	BuildCondition_TimeInUnit
00106dbc	BuildCondition_IsInExternalScript
00106e10	BuildCondition_ActorSubtypeEquals
00106e64	BuildCondition_SoftFlagSet
00106e80	BuildCondition_GotRoute
00106ed4	BuildCondition_GotKeys
00106ef0	BuildCondition_GotAnyFocus
00106f0c	BuildCondition_GotFocusObject
00106f28	BuildCondition_GotFocusPosition
00106f44	BuildCondition_FocusActorEquals
00106f7c	BuildCondition_FocusHasAttachment
00106fb4	BuildCondition_AnimationFinished
00106fd0	BuildCondition_GetAnimationTimeRemaining
00106fec	BuildCondition_IsPathComplete
00107008	BuildCondition_CurrentKey
00107040	BuildCondition_CurrentKeyEquals
00107078	BuildCondition_XCycle
00107094	BuildCondition_YCycle
001070b0	BuildCondition_ZCycle
001071c8	BuildCondition_MeToFocusSqrDist
001071e4	BuildCondition_DistanceToTarget_Duplicate
00107200	BuildCondition_MeToInitPosSqrDist
0010721c	BuildCondition_MeToCurrentKeySqrDist
00107238	BuildCondition_MeToKeySqrDist
00107270	BuildCondition_SpeedTowardsNextKey
0010728c	BuildCondition_SpeedTowardsKey
001072a8	BuildCondition_BoxAboveIsOverlapped
001072c4	BuildCondition_IsCollidable
001072e0	BuildCondition_IsVisible
001072fc	BuildCondition_IsLoadZoneStateSet
00107318	BuildCondition_GotUserMessageEquals
00107334	BuildCondition_GotAnyUserMessage
0010736c	BuildCondition_InsideEdgeStartNode
00107388	BuildCondition_InsideEdgeEndNode
00107468	BuildCondition_MeFacingFocus
001074bc	BuildCondition_HeadLookingAtFocus
00107510	BuildCondition_SubtypeOfPercept128_1
00107540	BuildCondition_SubtypeOfPercept128_2
00107578	BuildCondition_SubtypeOfPercept128_3
001075b0	BuildCondition_FocusFacingMe
001075cc	BuildCondition_FocusHeadLookingAtMe
001075e8	BuildCondition_ClearLineOfSightToFocus
00107604	BuildCondition_CanSeeFocus
00107620	BuildCondition_HeadCanSeeFocus
0010763c	BuildCondition_FocusAgentCanSeeMe
00107658	BuildCondition_FocusHeadCanSeeMe
00107674	BuildCondition_HeightAboveFocus
0010771c	BuildCondition_MeFacingRouteNode
00107738	BuildCondition_HeadLookingAtRouteNode
00107754	BuildCondition_ClearLineOfSightToRouteNode
00107770	BuildCondition_MeFacingCamera
0010778c	BuildCondition_CameraFacingMe
001077a8	BuildCondition_InCameraFrustrum
001077c4	BuildCondition_ClearLineOfSightToCamera
001077e0	BuildCondition_CameraCanSeeMe
00107850	BuildCondition_AttachedToAnAgent
0010786c	BuildCondition_GotAttachedObject
00107888	BuildCondition_GotLinkedObject
001078dc	BuildCondition_GotAttachmentOnExit
001078f8	BuildCondition_LostAllAttachments
00107930	BuildCondition_TouchingTerrain
0010794c	BuildCondition_TouchingAnyAgent
001079d8	BuildCondition_IsResting
001079f4	BuildCondition_SqrMoveSpeed
00107ad4	BuildCondition_CounterValue
00107af0	BuildCondition_CounterValueEqualsThreshold
00107c44	BuildCondition_DistanceToTarget
00107ec8	BuildCondition_PlayerHitPoints
00107ee4	BuildCondition_CanJumpForwards
00107f00	BuildCondition_WillHitLowWall
00107f1c	BuildCondition_PlayerIsCrouching
00107f38	BuildCondition_MeToPlayerSqrDist
00107f54	BuildCondition_PlayerToMyFocusSqrDist
00107f8c	BuildCondition_PlayerIsMoving
00107fa8	BuildCondition_PlayerIsWalking
00107fc4	BuildCondition_PlayerIsRunning
00107fe0	BuildCondition_PlayerIsCrawling
00107ffc	BuildCondition_PlayerIsFalling
00108018	BuildCondition_PlayerIsCoOpLinked
00108088	BuildCondition_PlayerHoldingMultiTool
001080a4	BuildCondition_PlayerIsSlamming
001080c0	BuildCondition_PlayerIsSpinning
001080dc	BuildCondition_PlayerIsJumping
001080f8	BuildCondition_HeadCanSeePlayerUnblocked
00108114	BuildCondition_PlayerIsGrounded
0010822c	BuildCondition_DemoHubMusicFlag
00108248	BuildCondition_AgentIsOnGround
00108280	BuildCondition_CrateHasRedWumpa
0010829c	BuildCondition_AgentHitPoints
001082b8	BuildCondition_WumpaNeededForPayGate
001082d4	BuildCondition_CanMoveForwards
001082f0	BuildCondition_CanMoveBackwards
0010830c	BuildCondition_CanStrafeLeft
00108328	BuildCondition_CanStrafeRight
00108344	BuildCondition_CanFall
00108360	BuildCondition_AgentWasTouched
0010837c	BuildCondition_AgentWasWalkedInto
00108398	BuildCondition_AgentWasJumpedOn
001083b4	BuildCondition_AgentWasHeadbutted
001083d0	BuildCondition_AgentWasAttacked
001083ec	BuildCondition_AgentWasSpun
00108408	BuildCondition_AgentWasSlid
00108424	BuildCondition_WillHitWall
00108440	BuildCondition_WillRunOffCliff
0010845c	BuildCondition_AgentWasKneeDropped
001085c8	BuildCondition_NodeIsAirborne
0010876c	BuildCondition_EdgeNeedsFlying
00108788	BuildCondition_EdgeNeedsJump
001087a4	BuildCondition_EdgeNeedsLongJump
001087c0	BuildCondition_EdgeNeedsHighJump
001087f8	BuildCondition_MeFacingPlayer
00108814	BuildCondition_PlayerFacingMe
0010884c	BuildCondition_ClearLineOfSightToPlayer
00108868	BuildCondition_CanSeePlayer
00108884	BuildCondition_PlayerCanSeeMe
001088bc	BuildCondition_HeightAbovePlayer
001088d8	BuildCondition_HeadLookingAtPlayer
001088f4	BuildCondition_HeadCanSeePlayer
00108910	BuildCondition_AmIHarmful
0010892c	BuildCondition_PlayerHeadLookingAtMe
00108948	BuildCondition_PlayerHeadCanSeeMe
00108ad0	BuildCondition_NodeTraffic
00108d70	FUN_00108d70
00108e68	FUN_00108e68
00109290	FUN_00109290
00109410	FUN_00109410
00109520	FUN_00109520
00109828	FUN_00109828
00109f10	FUN_00109f10
0010a048	FUN_0010a048
0010a298	FUN_0010a298
0010a380	FUN_0010a380
0010a4b0	FUN_0010a4b0
0010a628	InitInstanceNodeType8
0010a6e8	FUN_0010a6e8
0010a938	FUN_0010a938
0010aa50	FUN_0010aa50
0010b298	FUN_0010b298
0010b790	FUN_0010b790
0010b880	FUN_0010b880
0010c160	InitProbeCollisionModel
0010c240	FUN_0010c240
0010c3b8	FUN_0010c3b8
0010c570	FUN_0010c570
0010c758	FUN_0010c758
0010c880	FUN_0010c880
0010cad8	Command_SetChiChiGrass_Read
0010cba0	FUN_0010cba0
0010cc78	Command_BecomeSticky_Read
0010cdd0	Command_BecomeNormal_Read
0010ce98	FUN_0010ce98
0010d0d0	FUN_0010d0d0
0010d238	FUN_0010d238
0010d358	FUN_0010d358
0010d648	Command_CreateCrateContents_Read
0010d740	FUN_0010d740
0010d9e0	FUN_0010d9e0
0010dac8	FUN_0010dac8
0010def8	Command_CharacterSoundProxy_Read
0010dfb8	Command_CharacterSoundProxy_Run
0010e088	FUN_0010e088
0010e4a8	FUN_0010e4a8
0010e6a8	FUN_0010e6a8
0010ebd8	FUN_0010ebd8
0010edd0	FUN_0010edd0
0010f140	Command_SetCamera_Run
0010f248	Command_CameraFocusObject_Run
0010f368	Command_CameraStopFocusObject_Run
0010f480	FUN_0010f480
0010f6e8	FUN_0010f6e8
0010fb88	Command_PlayerFaceTowardsCamera_Run
0010fdc0	FUN_0010fdc0
001102d0	FUN_001102d0
00110878	FUN_00110878
00110a60	FUN_00110a60
00110c90	FUN_00110c90
00110e00	FUN_00110e00
00110fa8	FUN_00110fa8
00111148	FUN_00111148
001112f8	FUN_001112f8
00111490	FUN_00111490
001116a8	FUN_001116a8
00111838	FUN_00111838
00111a00	FUN_00111a00
00111af0	FUN_00111af0
00111bd8	FUN_00111bd8
00111cc0	FUN_00111cc0
00111e20	FUN_00111e20
00111fd0	Command_CameraTopdownMode_Run
00112190	Command_SetPlayerMode_Read
00112270	Command_FadeoutScreen_Read
00112440	Command_FadeoutScreen_Run
00112548	Command_BottomTextDisplay_Read
00112778	Command_DisplayBottomTextInstance_Read
00112990	Command_DisplayBottomTextInstance_Run
00112a80	Command_PlayMovie_Read
00112b60	FUN_00112b60
00112d20	FUN_00112d20
00112ff8	FUN_00112ff8
001130c0	FUN_001130c0
001132a8	FUN_001132a8
00113a18	FUN_00113a18
00114048	FUN_00114048
00114120	FUN_00114120
00114258	FUN_00114258
00114470	FUN_00114470
00114710	FUN_00114710
00114840	FUN_00114840
00114ca8	FUN_00114ca8
00115288	FUN_00115288
00115920	FUN_00115920
00115a90	FUN_00115a90
00115bf8	FUN_00115bf8
00115cf8	FUN_00115cf8
00115ea0	FUN_00115ea0
001160e0	FUN_001160e0
001163b8	FUN_001163b8
00116a78	FUN_00116a78
00116cb8	FUN_00116cb8
00116de0	FUN_00116de0
00116ea8	FUN_00116ea8
00116fe0	FUN_00116fe0
001171d8	FUN_001171d8
001173f8	FUN_001173f8
00117858	FUN_00117858
00117a48	FUN_00117a48
00118148	FUN_00118148
00118280	FUN_00118280
00118348	FUN_00118348
00118798	FUN_00118798
001188c8	FUN_001188c8
00118ce8	FUN_00118ce8
00118db8	FUN_00118db8
00119420	FUN_00119420
00119618	FUN_00119618
00119748	FUN_00119748
00119948	FUN_00119948
00119be0	FUN_00119be0
00119d88	FUN_00119d88
00119ec0	FUN_00119ec0
0011a0f8	FUN_0011a0f8
0011a1e0	FUN_0011a1e0
0011a298	Command_SetPlayerInput_Read
0011a628	Command_SetPlayerInput_Run
0011a898	FUN_0011a898
0011aad8	Command_SetPlayerRespawnPosition_Run
0011acb8	Command_LinkToFocusCharacter_Run
0011adb8	FUN_0011adb8
0011aec0	FUN_0011aec0
0011b208	FUN_0011b208
0011b2d0	FUN_0011b2d0
0011b3d0	FUN_0011b3d0
0011b558	Command_SwitchCharacter_Read
0011b670	Command_SwitchCharacter_Run
0011b7a0	Command_PlayerVehicleBounce_Run
0011b880	Command_SetAgent_Read
0011bb80	Command_SetAgent_Run
0011bdb8	FUN_0011bdb8
0011be80	GetColor
0011bea0	SetColourRGB
0011bf10	AngleToFixed
0011bf78	FUN_0011bf78
0011bfa0	RSQRT
0011c008	MovePositionFromPos2ToPos1
0011c018	GetPositionFromRTS
0011c028	Vector4InverseLengthIfAbove
0011c088	RemoveReference
0011c1c8	MoveShortFromS2toS1
0011c1d8	SetUndefinedID?
0011c1e8	ResetBoundingBox
0011c220	FUN_0011c220
0011c250	FUN_0011c250
0011c2e8	FUN_0011c2e8
0011c2f0	FUN_0011c2f0
0011c3b0	FUN_0011c3b0
0011c400	FUN_0011c400
0011c428	FUN_0011c428
0011c448	FUN_0011c448
0011c450	FUN_0011c450
0011c4b0	FUN_0011c4b0
0011c518	FUN_0011c518
0011c590	FUN_0011c590
0011c5b8	FUN_0011c5b8
0011c5e0	FUN_0011c5e0
0011c608	FUN_0011c608
0011c628	Command_AddCrystal_Run
0011c660	FUN_0011c660
0011c688	Command_AddGem_Run
0011c6c0	FUN_0011c6c0
0011c6e0	Command_CA_PickUpHealth_Run
0011c718	FUN_0011c718
0011c740	Command_DUMMY_538_Run
0011c778	FUN_0011c778
0011c7a0	Command_CA_PickUpWumpa_Run
0011c7d8	FUN_0011c7d8
0011c800	FUN_0011c800
0011c830	FUN_0011c830
0011c860	FUN_0011c860
0011c890	FUN_0011c890
0011c8b8	FUN_0011c8b8
0011c8e0	FUN_0011c8e0
0011c910	FUN_0011c910
0011c930	FUN_0011c930
0011c938	FUN_0011c938
0011c970	FUN_0011c970
0011c9a8	FUN_0011c9a8
0011c9e0	FUN_0011c9e0
0011ca10	FUN_0011ca10
0011ca40	FUN_0011ca40
0011ca78	FUN_0011ca78
0011cab0	FUN_0011cab0
0011cae0	FUN_0011cae0
0011cb18	FUN_0011cb18
0011cb40	Command_DisablePlayerControl_Read
0011cb50	FUN_0011cb50
0011cb78	FUN_0011cb78
0011cba8	FUN_0011cba8
0011cbd0	FUN_0011cbd0
0011cc00	FUN_0011cc00
0011cc28	FUN_0011cc28
0011cc58	FUN_0011cc58
0011ccd0	InitGetShortRouteCommand
0011cea0	FUN_0011cea0
0011cec8	FUN_0011cec8
0011cef8	FUN_0011cef8
0011cf50	FUN_0011cf50
0011cfa0	FUN_0011cfa0
0011cfc8	FUN_0011cfc8
0011cff0	FUN_0011cff0
0011d048	FUN_0011d048
0011d070	FUN_0011d070
0011d098	FUN_0011d098
0011d0f8	FUN_0011d0f8
0011d120	FUN_0011d120
0011d148	FUN_0011d148
0011d170	FUN_0011d170
0011d198	FUN_0011d198
0011d1c0	FUN_0011d1c0
0011d1e8	FUN_0011d1e8
0011d210	FUN_0011d210
0011d240	FUN_0011d240
0011d268	FUN_0011d268
0011d290	Command_BottomTextClear_Read
0011d2a0	FUN_0011d2a0
0011d2f0	FUN_0011d2f0
0011d320	FUN_0011d320
0011d350	FUN_0011d350
0011d378	FUN_0011d378
0011d3a0	FUN_0011d3a0
0011d3c8	FUN_0011d3c8
0011d3f0	FUN_0011d3f0
0011d420	FUN_0011d420
0011d4a0	InitRequestFocusCommand
0011d708	FUN_0011d708
0011d730	FUN_0011d730
0011d780	FUN_0011d780
0011d7a8	FUN_0011d7a8
0011d7d0	FUN_0011d7d0
0011d7f8	FUN_0011d7f8
0011d820	FUN_0011d820
0011d848	FUN_0011d848
0011d878	FUN_0011d878
0011d8a0	FUN_0011d8a0
0011d8d8	FUN_0011d8d8
0011d900	FUN_0011d900
0011d930	FUN_0011d930
0011d960	FUN_0011d960
0011d990	FUN_0011d990
0011d9c0	FUN_0011d9c0
0011d9f0	FUN_0011d9f0
0011da40	FUN_0011da40
0011da68	FUN_0011da68
0011da98	FUN_0011da98
0011dac0	FUN_0011dac0
0011dae8	FUN_0011dae8
0011db18	FUN_0011db18
0011db48	FUN_0011db48
0011db78	FUN_0011db78
0011dbb0	FUN_0011dbb0
0011dbd8	FUN_0011dbd8
0011dc08	FUN_0011dc08
0011dc30	FUN_0011dc30
0011dc58	FUN_0011dc58
0011dc88	FUN_0011dc88
0011dcb8	FUN_0011dcb8
0011dce8	FUN_0011dce8
0011dd18	FUN_0011dd18
0011dd40	FUN_0011dd40
0011dd70	FUN_0011dd70
0011dda0	FUN_0011dda0
0011ddd0	FUN_0011ddd0
0011ddf8	FUN_0011ddf8
0011de20	FUN_0011de20
0011dec8	FUN_0011dec8
0011def0	FUN_0011def0
0011df20	FUN_0011df20
0011df58	FUN_0011df58
0011df88	FUN_0011df88
0011e108	FUN_0011e108
0011e1d8	FUN_0011e1d8
0011e1e0	Condition_Next_Read
0011e210	CheckConditionAlways
0011e220	Condition_GotFocusPosition_Read
0011e250	Condition_GotFocusPosition_Check
0011e270	Condition_GotFocusObject_Read
0011e2a0	Condition_GotFocusObject_Check
0011e2c0	FUN_0011e2c0
0011e2f0	FUN_0011e2f0
0011e300	FUN_0011e300
0011e330	FUN_0011e330
0011e340	FUN_0011e340
0011e370	FUN_0011e370
0011e388	FUN_0011e388
0011e428	FUN_0011e428
0011e4c8	InitInstanceNodeType1
0011e570	FUN_0011e570
0011e5b8	FUN_0011e5b8
0011e600	FUN_0011e600
0011e658	FUN_0011e658
0011e698	ResetInstanceCollisionTransform
0011e708	FUN_0011e708
0011e750	UpdateInstanceNodeType1
0011e7a8	FUN_0011e7a8
0011e848	FUN_0011e848
0011e890	FUN_0011e890
0011e9c8	FUN_0011e9c8
0011ea18	GetOrCreateInstanceParticles
0011ea70	FUN_0011ea70
0011eaa8	ClearScriptPackSlots
0011eb70	InitTriggerEvent
0011eca0	FUN_0011eca0
0011ecf8	FUN_0011ecf8
0011ed30	FUN_0011ed30
0011edd8	FUN_0011edd8
0011edf8	FUN_0011edf8
0011ee48	FUN_0011ee48
0011ee98	FUN_0011ee98
0011eef0	FUN_0011eef0
0011ef50	FUN_0011ef50
0011efb8	FUN_0011efb8
0011f068	FUN_0011f068
0011f098	FUN_0011f098
0011f128	FUN_0011f128
0011f150	Command_NowGoBackCollidable_Read
0011f1e0	Command_NowGoBackCollidable_Run
0011f2b8	Command_SetChiChiGrass_Run
0011f370	InitDUMMY_SetRayTestsCommand
0011f3b0	Command_BecomeSticky_Run
0011f468	Command_BecomeNormal_Run
0011f4d0	FUN_0011f4d0
0011f580	FUN_0011f580
0011f5b8	FUN_0011f5b8
0011f5e8	Command_CreateCrateContents_Run
0011f658	InitReduceHitPointsCommand
0011f680	FUN_0011f680
0011f708	FUN_0011f708
0011f780	InitSetHitPointsCommand
0011f7a8	FUN_0011f7a8
0011f830	FUN_0011f830
0011f8e8	FUN_0011f8e8
0011fac8	Command_DamageOriginator_Read
0011fb58	FUN_0011fb58
0011fc18	FUN_0011fc18
0011fc48	Command_DUMMY_584_Run
0011fc50	Command_SetCamera_Read
0011fd20	Command_CameraFocusObject_Read
0011fd28	Command_CameraStopFocusObject_Read
0011fd30	Command_RestoreCameraDefaults_Run
0011fd98	FUN_0011fd98
0011fea8	FUN_0011fea8
0011fef0	FUN_0011fef0
0011ff40	FUN_0011ff40
0011ff60	Command_ResetCamera_Run
0011ffc8	Command_DUMMY_609_Run
0011ffd0	Command_DUMMY_610_Run
0011ffd8	FUN_0011ffd8
00120080	FUN_00120080
00120128	FUN_00120128
001201d0	Command_ResetGame_Run
001201f8	Command_SetPlayerMode_Run
00120268	FUN_00120268
00120328	FUN_00120328
00120440	FUN_00120440
00120500	FUN_00120500
001205c8	Command_CutsceneStart_Read
00120658	Command_CutsceneStart_Run
00120698	Command_CutsceneEnd_Read
00120728	Command_CutsceneEnd_Run
00120768	Command_BossModeEnable_Read
00120840	Command_BossModeEnable_Run
00120918	Command_BossModeDamage_Read
001209a8	Command_BossModeDamage_Run
001209d0	Command_BossModeExit_Run
001209f8	Command_WhackawormStart_Read
00120ad0	Command_WhackawormStart_Run
00120bc8	Command_WhackawormProgress_Read
00120c58	Command_WhackawormProgress_Run
00120c80	Command_WhackawormEnd_Run
00120ca8	Command_PlayCredits_Run
00120cd0	Command_ForceGameOver_Run
00120cf8	Command_BottomTextShow_Read
00120d88	Command_BottomTextShow_Run
00120dc0	Command_BottomTextHide_Read
00120e50	Command_BottomTextHide_Run
00120e88	Command_DemoHubMusicFlagOn_Run
00120e98	Command_BottomTextDisplay_Run
00120f68	Command_BottomTextClear_Run
00120f98	Command_PlayMovie_Run
00121018	FUN_00121018
001210a8	FUN_001210a8
00121130	InitRaycastFocusPositionCommand
00121168	Command_SetFocusToPlayer_Run
001211e0	FUN_001211e0
00121240	FUN_00121240
00121300	FUN_00121300
00121398	FUN_00121398
00121438	FUN_00121438
00121480	FUN_00121480
001214e8	FUN_001214e8
00121548	FUN_00121548
001215d8	FUN_001215d8
001216a8	FUN_001216a8
001216d8	InitSetKeyNearestPlayerCommand
00121718	FUN_00121718
00121758	Command_DUMMY_586_Read
001217e8	Command_DUMMY_586_Run
001217f0	FUN_001217f0
001218d0	FUN_001218d0
00121968	FUN_00121968
001219c8	FUN_001219c8
00121a58	FUN_00121a58
00121af0	FUN_00121af0
00121b40	FUN_00121b40
00121bc0	FUN_00121bc0
00121ce8	FUN_00121ce8
00121e28	FUN_00121e28
00121eb8	FUN_00121eb8
00121f40	FUN_00121f40
001220b8	FUN_001220b8
001221c8	FUN_001221c8
001222c0	Command_DUMMY_FuelPayGate_Read
001222c8	Command_DUMMY_FuelPayGate_Run
001222d0	Command_DUMMY_536_Read
001222d8	Command_DUMMY_536_Run
001222e0	FUN_001222e0
00122398	Command_AddGem_Read
00122430	Command_CA_PickUpWumpa_Read
001224c0	FUN_001224c0
00122580	FUN_00122580
001225e0	FUN_001225e0
00122618	Command_SetPlayerRespawnPosition_Read
001226c8	Command_LinkToFocusCharacter_Read
00122788	Command_UnlinkCharacters_Run
001227c0	FUN_001227c0
00122850	FUN_00122850
001228d8	Command_DismissCharacter_Read
00122968	Command_DismissCharacter_Run
001229d0	FUN_001229d0
00122a68	FUN_00122a68
00122ad8	FUN_00122ad8
00122b50	FUN_00122b50
00122b78	Command_DisablePlayerControl_Run
00122ba0	FUN_00122ba0
00122c28	FUN_00122c28
00122c78	FUN_00122c78
00122ce8	Command_PlayerVehicleBounce_Read
00122dc8	Command_SetCrate_Read
00122e58	Command_SetCrate_Run
00122ec0	FUN_00122ec0
00122ef0	FUN_00122ef0
00122f40	FUN_00122f40
00122f70	FUN_00122f70
00122fa0	FUN_00122fa0
00123000	FUN_00123000
00123008	FUN_00123008
00123068	FUN_00123068
001230c8	FUN_001230c8
001230e8	Command_TriggerAllNitroCrates_Run
001231d0	Command_TriggerBalancedCrateFalling_Run
001234e0	FUN_001234e0
001235d8	FUN_001235d8
001236c0	FUN_001236c0
00123908	FUN_00123908
00123a68	FUN_00123a68
00123be8	Command_Shoot_Read
00123f08	FUN_00123f08
001245d8	FUN_001245d8
00124758	Command_SetVehicleRollerbrawl_Run
001248c0	Command_SetVehicleWrestleCreature_Run
00124990	Command_SetVehicleHumiliskate_Read
00124ad8	Command_SetVehicleHumiliskate_Run
00124c98	Command_SetVehicleHoverboard_Read
00124d50	Command_SetVehicleHoverboard_Run
00124e58	FUN_00124e58
00124f88	FUN_00124f88
00125050	FUN_00125050
00125440	FUN_00125440
001257a0	FUN_001257a0
00125908	Condition_MeFacingPlayer_Check
00125ad8	Condition_PlayerFacingMe_Check
00125ca8	FUN_00125ca8
00125e78	Condition_ClearLineOfSightToPlayer_Check
00125fe8	Condition_CanSeePlayer_Check
00126228	Condition_PlayerCanSeeMe_Check
00126460	FUN_00126460
00126678	FUN_00126678
001268f8	FUN_001268f8
00126d48	FUN_00126d48
00127170	Condition_HeightAbovePlayer_Check
00127288	Condition_HeadLookingAtPlayer_Check
00127410	Condition_HeadCanSeePlayer_Check
00127610	Condition_AmIHarmful_Check
00127900	Condition_PlayerHeadLookingAtMe_Check
00127a80	Condition_PlayerHeadCanSeeMe_Check
00127ca0	Condition_CanFall_Check
00127dd0	Condition_CanMoveForwards_Check
00127f68	Condition_CanMoveBackwards_Check
00128100	Condition_CanStrafeLeft_Check
00128298	Condition_CanStrafeRight_Check
00128430	Condition_MeToPlayerSqrDist_Check
00128568	Condition_PlayerToMyFocusSqrDist_Check
00128780	FUN_00128780
00128890	FUN_00128890
00128b70	FUN_00128b70
00128c58	FUN_00128c58
00128d50	FUN_00128d50
00128e30	FUN_00128e30
00128e58	FUN_00128e58
00128ea8	FUN_00128ea8
00128ed8	Command_DUMMY_NowGoForwardCollidable_Read
00128f00	Command_DUMMY_NowGoForwardCollidable_Run
00128f08	FUN_00128f08
00128f30	FUN_00128f30
00128f58	FUN_00128f58
00128f88	FUN_00128f88
00128fb0	Command_OpenAllLinkedFurniture_Run
00129060	Command_CloseAllLinkedFurniture_Run
00129110	Command_AttachAllLinkedAgents_Read
001291c0	Command_AttachAllLinkedAgents_Run
00129240	Command_DetachAllLinkedAgents_Run
00129298	FUN_00129298
001292c0	InitCA_SetPickupCommand
00129350	FUN_00129350
00129380	FUN_00129380
001293d0	FUN_001293d0
00129400	FUN_00129400
00129518	FUN_00129518
00129548	Command_Shoot_Run
00129578	FUN_00129578
001295a0	FUN_001295a0
001295d0	FUN_001295d0
001295f8	Command_SetVehicleWrestleCreature_Read
00129608	FUN_00129608
00129668	FUN_00129668
00129690	FUN_00129690
001296b8	FUN_001296b8
001296e0	FUN_001296e0
00129710	Command_SetVehicleRollerbrawl_Read
001297c0	Command_ExitVehicleMode_Read
00129850	Command_ExitVehicleMode_Run
00129938	FUN_00129938
001299d8	FUN_001299d8
00129a78	FUN_00129a78
00129ac8	FUN_00129ac8
00129b08	FUN_00129b08
00129b30	FUN_00129b30
00129b68	FUN_00129b68
00129c18	FUN_00129c18
00129c90	FUN_00129c90
00129cb0	FUN_00129cb0
00129ce8	FUN_00129ce8
00129d08	Command_AddAmmo_Run
00129d40	FUN_00129d40
00129dd0	FUN_00129dd0
00129e00	Command_AddAmmo_Read
00129e90	FUN_00129e90
00129ec0	Condition_AgentIsOnGround_Read
00129ef0	FUN_00129ef0
00129f20	Condition_AgentWasTouched_Read
00129f50	Condition_AgentWasWalkedInto_Read
00129f80	Condition_AgentWasAttacked_Read
00129fb0	Condition_AgentWasSpun_Read
00129fe0	Condition_AgentWasKneeDropped_Read
0012a010	Condition_AgentWasSlid_Read
0012a040	Condition_WillHitWall_Read
0012a070	Condition_WillRunOffCliff_Read
0012a0a0	Condition_AgentWasJumpedOn_Read
0012a0d0	Condition_AgentWasHeadbutted_Read
0012a100	FUN_0012a100
0012a130	Condition_AgentIsOnGround_Check
0012a1a8	Condition_AgentWasTouched_Check
0012a200	Condition_AgentWasAttacked_Check
0012a258	Condition_AgentWasSpun_Check
0012a2f0	Condition_AgentWasSlid_Check
0012a388	Condition_WillHitWall_Check
0012a400	Condition_WillRunOffCliff_Check
0012a480	Condition_AgentWasKneeDropped_Check
0012a518	Condition_AgentWasWalkedInto_Check
0012a578	Condition_AgentWasJumpedOn_Check
0012a5d8	Condition_AgentWasHeadbutted_Check
0012a638	FUN_0012a638
0012a678	Condition_CrateHasRedWumpa_Read
0012a6a8	Condition_CrateHasRedWumpa_Check
0012a700	Condition_AgentHitPoints_Read
0012a730	Condition_AgentHitPoints_Check
0012a7a0	FUN_0012a7a0
0012a7d0	FUN_0012a7d0
0012a800	FUN_0012a800
0012a830	FUN_0012a830
0012a860	FUN_0012a860
0012a890	FUN_0012a890
0012a908	FUN_0012a908
0012a940	FUN_0012a940
0012a968	FUN_0012a968
0012a9a0	FUN_0012a9a0
0012a9e8	Condition_NodeIsAirborne_Read
0012aa18	FUN_0012aa18
0012aa48	FUN_0012aa48
0012aa78	FUN_0012aa78
0012aaa8	FUN_0012aaa8
0012aad8	FUN_0012aad8
0012ab08	FUN_0012ab08
0012ab38	FUN_0012ab38
0012ab68	FUN_0012ab68
0012ab98	FUN_0012ab98
0012abc8	FUN_0012abc8
0012abf8	FUN_0012abf8
0012ac28	FUN_0012ac28
0012ac58	FUN_0012ac58
0012ac88	FUN_0012ac88
0012acb8	Condition_EdgeNeedsJump_Read
0012ace8	Condition_EdgeNeedsLongJump_Read
0012ad18	Condition_EdgeNeedsHighJump_Read
0012ad48	Condition_EdgeNeedsFlying_Read
0012ad78	FUN_0012ad78
0012ada8	FUN_0012ada8
0012adf8	Condition_NodeIsAirborne_Check
0012ae50	FUN_0012ae50
0012aea0	FUN_0012aea0
0012aef0	FUN_0012aef0
0012af40	FUN_0012af40
0012af90	FUN_0012af90
0012afe0	FUN_0012afe0
0012b040	FUN_0012b040
0012b0a0	FUN_0012b0a0
0012b100	FUN_0012b100
0012b160	FUN_0012b160
0012b1b0	FUN_0012b1b0
0012b200	FUN_0012b200
0012b250	FUN_0012b250
0012b2a0	Condition_EdgeNeedsFlying_Check
0012b2d8	Condition_EdgeNeedsJump_Check
0012b338	Condition_EdgeNeedsLongJump_Check
0012b398	Condition_EdgeNeedsHighJump_Check
0012b450	Condition_MeFacingPlayer_Read
0012b480	FUN_0012b480
0012b4b0	Condition_PlayerFacingMe_Read
0012b4e0	FUN_0012b4e0
0012b510	Condition_ClearLineOfSightToPlayer_Read
0012b540	Condition_CanSeePlayer_Read
0012b570	Condition_PlayerCanSeeMe_Read
0012b5a0	Condition_HeightAbovePlayer_Read
0012b5d0	Condition_HeadLookingAtPlayer_Read
0012b600	Condition_HeadCanSeePlayer_Read
0012b630	Condition_AmIHarmful_Read
0012b660	FUN_0012b660
0012b690	FUN_0012b690
0012b6c0	FUN_0012b6c0
0012b6f0	FUN_0012b6f0
0012b720	Condition_PlayerHeadLookingAtMe_Read
0012b750	Condition_PlayerHeadCanSeeMe_Read
0012b780	Condition_CanFall_Read
0012b7b0	Condition_CanMoveForwards_Read
0012b7e0	Condition_CanMoveBackwards_Read
0012b810	Condition_CanStrafeLeft_Read
0012b840	Condition_CanStrafeRight_Read
0012b870	Condition_WumpaNeededForPayGate_Read
0012b8a0	Condition_WumpaNeededForPayGate_Check
0012b918	Condition_PlayerIsCrouching_Read
0012b948	Condition_MeToPlayerSqrDist_Read
0012b978	Condition_PlayerToMyFocusSqrDist_Read
0012b9a8	FUN_0012b9a8
0012b9d8	Condition_PlayerHitPoints_Read
0012ba08	FUN_0012ba08
0012ba38	Condition_CanJumpForwards_Read
0012ba68	Condition_WillHitLowWall_Read
0012ba98	Condition_PlayerIsMoving_Read
0012bac8	Condition_PlayerIsWalking_Read
0012baf8	Condition_PlayerIsRunning_Read
0012bb28	Condition_PlayerIsCrawling_Read
0012bb58	Condition_PlayerIsFalling_Read
0012bb88	Condition_PlayerIsCoOpLinked_Read
0012bbb8	FUN_0012bbb8
0012bbe8	FUN_0012bbe8
0012bc18	FUN_0012bc18
0012bc48	Condition_PlayerHoldingMultiTool_Read
0012bc78	Condition_PlayerIsSlamming_Read
0012bca8	Condition_PlayerIsSpinning_Read
0012bcd8	Condition_PlayerIsJumping_Read
0012bd08	Condition_HeadCanSeePlayerUnblocked_Read
0012bd38	Condition_PlayerIsGrounded_Read
0012bd68	FUN_0012bd68
0012bd98	FUN_0012bd98
0012bdc8	FUN_0012bdc8
0012bdf8	FUN_0012bdf8
0012be28	FUN_0012be28
0012be58	FUN_0012be58
0012be88	FUN_0012be88
0012beb8	FUN_0012beb8
0012bee8	FUN_0012bee8
0012bf18	FUN_0012bf18
0012bf48	FUN_0012bf48
0012bf78	FUN_0012bf78
0012bfa8	FUN_0012bfa8
0012bfd8	FUN_0012bfd8
0012c008	FUN_0012c008
0012c038	FUN_0012c038
0012c068	FUN_0012c068
0012c098	Condition_DemoHubMusicFlag_Read
0012c0c8	Condition_PlayerIsCrouching_Check
0012c0f8	Condition_PlayerHitPoints_Check
0012c140	Condition_CanJumpForwards_Check
0012c168	Condition_WillHitLowWall_Check
0012c178	Condition_PlayerIsMoving_Check
0012c1a8	Condition_PlayerIsWalking_Check
0012c1d8	Condition_PlayerIsRunning_Check
0012c208	Condition_PlayerIsCrawling_Check
0012c238	Condition_PlayerIsFalling_Check
0012c268	Condition_PlayerIsCoOpLinked_Check
0012c2b0	FUN_0012c2b0
0012c338	FUN_0012c338
0012c3c0	Condition_PlayerHoldingMultiTool_Check
0012c400	Condition_PlayerIsSlamming_Check
0012c438	Condition_PlayerIsSpinning_Check
0012c490	Condition_PlayerIsJumping_Check
0012c4e8	Condition_HeadCanSeePlayerUnblocked_Check
0012c528	Condition_PlayerIsGrounded_Check
0012c598	FUN_0012c598
0012c5f0	FUN_0012c5f0
0012c648	FUN_0012c648
0012c6a0	FUN_0012c6a0
0012c6f8	FUN_0012c6f8
0012c738	FUN_0012c738
0012c788	FUN_0012c788
0012c808	FUN_0012c808
0012c8c0	FUN_0012c8c0
0012c938	Condition_DemoHubMusicFlag_Check
0012c950	FUN_0012c950
0012c9e8	FUN_0012c9e8
0012ca18	FUN_0012ca18
0012ca48	Condition_NodeTraffic_Read
0012ca78	FUN_0012ca78
0012caa8	FUN_0012caa8
0012cb58	Condition_NodeTraffic_Check
0012cc08	FUN_0012cc08
0012cc38	FUN_0012cc38
0012cc68	FUN_0012cc68
0012cc98	FUN_0012cc98
0012ccc8	FUN_0012ccc8
0012ccf8	FUN_0012ccf8
0012cd28	FUN_0012cd28
0012cd58	FUN_0012cd58
0012cd88	FUN_0012cd88
0012cdb8	FUN_0012cdb8
0012ce08	FUN_0012ce08
0012ce28	FUN_0012ce28
0012ce60	FUN_0012ce60
0012ced0	FUN_0012ced0
0012cf40	FUN_0012cf40
0012cfb0	FUN_0012cfb0
0012d020	FUN_0012d020
0012d0b8	FUN_0012d0b8
0012d0e0	FUN_0012d0e0
0012d110	FUN_0012d110
0012d140	FUN_0012d140
0012d170	FUN_0012d170
0012d1a0	FUN_0012d1a0
0012d1d0	FUN_0012d1d0
0012d200	FUN_0012d200
0012d230	FUN_0012d230
0012d260	FUN_0012d260
0012d290	FUN_0012d290
0012d2c0	FUN_0012d2c0
0012d320	FUN_0012d320
0012d408	FUN_0012d408
0012d438	FUN_0012d438
0012d4c8	FUN_0012d4c8
0012d500	FUN_0012d500
0012d520	GetNodeBasedOnInstanceType
0012dc60	GetInstanceNodeFromObject
0012dd80	GetTriggerNode
0012dee0	FUN_0012dee0
0012e328	FUN_0012e328
0012e478	FUN_0012e478
0012e638	FUN_0012e638
0012e8e0	FUN_0012e8e0
0012e9e8	FUN_0012e9e8
0012f8c0	FUN_0012f8c0
0012fa90	FUN_0012fa90
0012fd08	FUN_0012fd08
00130268	FUN_00130268
001308c8	FUN_001308c8
00130af0	FUN_00130af0
00130cb0	FUN_00130cb0
00130e58	FUN_00130e58
00131040	FUN_00131040
00131188	FUN_00131188
00131290	FUN_00131290
001315e0	FUN_001315e0
001317f8	FUN_001317f8
00131ac8	FUN_00131ac8
00131e40	FUN_00131e40
00131f20	FUN_00131f20
00132018	FUN_00132018
00132748	FUN_00132748
001329c0	FUN_001329c0
00132b50	FUN_00132b50
00132ca8	LinkPlayableCharacters
00132dc0	ClearPlayableCharacterMode
00132f20	FUN_00132f20
00132fe8	FUN_00132fe8
001330b0	FUN_001330b0
001332d0	FUN_001332d0
00133900	FUN_00133900
00133a88	FUN_00133a88
00133c58	FUN_00133c58
00133f60	FUN_00133f60
00134288	FUN_00134288
00134780	FUN_00134780
00134d28	FUN_00134d28
00134e88	FUN_00134e88
00135110	FUN_00135110
00135328	FUN_00135328
00135438	FUN_00135438
00135568	FUN_00135568
00135650	FUN_00135650
00135730	FUN_00135730
001358d0	FUN_001358d0
00135a68	FUN_00135a68
00135bc8	FUN_00135bc8
00135d90	FUN_00135d90
00136168	FUN_00136168
001363e8	FUN_001363e8
001365e8	FUN_001365e8
00136740	FUN_00136740
00136800	FUN_00136800
001369e8	FUN_001369e8
00136ae0	FUN_00136ae0
00136f70	InitPlayableCharacterContext
00137010	FUN_00137010
001371f0	FUN_001371f0
00137510	FUN_00137510
001377c8	FUN_001377c8
001378f8	FUN_001378f8
00137ab0	FUN_00137ab0
001380f0	FUN_001380f0
00138348	FUN_00138348
00138700	FUN_00138700
00138b00	FUN_00138b00
00139510	FUN_00139510
00139678	FUN_00139678
0013a470	FUN_0013a470
0013b668	FUN_0013b668
0013b8a8	SetPlayerVehicle
0013bc60	FUN_0013bc60
0013be10	FUN_0013be10
0013c088	FUN_0013c088
0013c1a8	FUN_0013c1a8
0013c3c0	FUN_0013c3c0
0013c540	FUN_0013c540
0013c6c8	FUN_0013c6c8
0013c9d0	FUN_0013c9d0
0013caf8	FUN_0013caf8
0013ce58	FUN_0013ce58
0013d058	FUN_0013d058
0013d190	FUN_0013d190
0013d398	FUN_0013d398
0013d5f8	FUN_0013d5f8
0013d818	FUN_0013d818
0013dc68	FUN_0013dc68
0013de20	FUN_0013de20
0013e010	FUN_0013e010
0013e1c8	FUN_0013e1c8
0013e290	FUN_0013e290
0013e468	FUN_0013e468
0013e4a0	FUN_0013e4a0
0013e4b8	FUN_0013e4b8
0013e4f8	FUN_0013e4f8
0013e538	FUN_0013e538
0013e548	FUN_0013e548
0013e558	FUN_0013e558
0013e568	FUN_0013e568
0013e578	FUN_0013e578
0013e588	FUN_0013e588
0013e598	FUN_0013e598
0013e5a0	FUN_0013e5a0
0013e5a8	FUN_0013e5a8
0013e5b0	FUN_0013e5b0
0013e5b8	FUN_0013e5b8
0013e5c0	FUN_0013e5c0
0013e5d0	FUN_0013e5d0
0013e5e0	FUN_0013e5e0
0013e5f0	GetPlayableCharacterFlag
0013e600	GetPlayableCharacterFloat
0013e610	GetPlayableCharacterInteger
0013e620	FUN_0013e620
0013e628	FUN_0013e628
0013e630	FUN_0013e630
0013e638	FUN_0013e638
0013e640	FUN_0013e640
0013e8b0	FUN_0013e8b0
0013e8b8	FUN_0013e8b8
0013e8c0	FUN_0013e8c0
0013e910	FUN_0013e910
0013e960	GetCreationHelperFlags
0013e998	FUN_0013e998
0013ea18	FUN_0013ea18
0013ea20	FUN_0013ea20
0013ea28	FUN_0013ea28
0013eae0	FUN_0013eae0
0013eaf0	FUN_0013eaf0
0013eb00	FUN_0013eb00
0013eb10	FUN_0013eb10
0013eb20	FUN_0013eb20
0013eb30	FUN_0013eb30
0013eb40	FUN_0013eb40
0013eb48	FUN_0013eb48
0013eb50	FUN_0013eb50
0013eb58	FUN_0013eb58
0013eb60	FUN_0013eb60
0013ec90	FUN_0013ec90
0013ec98	FUN_0013ec98
0013eca0	FUN_0013eca0
0013ed20	FUN_0013ed20
0013ed28	FUN_0013ed28
0013ed30	FUN_0013ed30
0013ed40	FUN_0013ed40
0013edc8	FUN_0013edc8
0013ee40	FUN_0013ee40
0013ee48	FUN_0013ee48
0013ee50	FUN_0013ee50
0013ee88	FUN_0013ee88
0013ee98	FUN_0013ee98
0013eea8	FUN_0013eea8
0013eeb8	FUN_0013eeb8
0013eec8	FUN_0013eec8
0013eed8	FUN_0013eed8
0013eee8	FUN_0013eee8
0013eef0	FUN_0013eef0
0013eef8	FUN_0013eef8
0013ef00	FUN_0013ef00
0013ef08	FUN_0013ef08
0013ef10	FUN_0013ef10
0013efb0	FUN_0013efb0
0013efc0	FUN_0013efc0
0013efd0	FUN_0013efd0
0013efe0	FUN_0013efe0
0013eff0	FUN_0013eff0
0013f000	FUN_0013f000
0013f010	FUN_0013f010
0013f038	FUN_0013f038
0013f040	FUN_0013f040
0013f048	FUN_0013f048
0013f050	FUN_0013f050
0013f058	FUN_0013f058
0013f060	FUN_0013f060
0013f090	FUN_0013f090
0013f140	FUN_0013f140
0013f170	GetNodeIndex
0013f180	FUN_0013f180
0013f1b8	FUN_0013f1b8
0013f218	InitGameResourceManager
0013f250	FUN_0013f250
0013f278	InitObjectEventCaller
0013f3a8	FUN_0013f3a8
0013f430	FUN_0013f430
0013f488	FUN_0013f488
0013f4b0	FUN_0013f4b0
0013f5c8	FUN_0013f5c8
0013f650	FUN_0013f650
0013f748	FUN_0013f748
0013f790	FUN_0013f790
0013f800	FUN_0013f800
0013f838	GetPlayerPosition
0013f8b0	FUN_0013f8b0
0013f910	FUN_0013f910
0013f9a0	FUN_0013f9a0
0013fa38	FUN_0013fa38
0013fa50	FUN_0013fa50
0013fad8	FUN_0013fad8
0013fb60	FUN_0013fb60
0013fb80	FUN_0013fb80
0013fbc0	FUN_0013fbc0
0013fc88	FUN_0013fc88
0013fce8	FUN_0013fce8
0013fd18	FUN_0013fd18
0013fd50	FUN_0013fd50
0013fd98	FUN_0013fd98
0013fdc0	FUN_0013fdc0
0013fe28	FUN_0013fe28
0013fe60	CharacterIdToIndex
0013fee0	FUN_0013fee0
0013ff48	FUN_0013ff48
0013ffa0	InitHolderType0
00140048	FUN_00140048
00140070	InitInstanceCreationHelperPlayableCharacter
001400b8	FUN_001400b8
001400e0	FUN_001400e0
00140170	FUN_00140170
001401a0	ResetInstanceCreationHelperPlayableCharacter
00140238	FUN_00140238
00140278	FUN_00140278
001402a8	FUN_001402a8
001402d8	FUN_001402d8
00140308	FUN_00140308
00140338	InitObjectInstanceContextType5
00140378	InitHolderType5
001403f0	FUN_001403f0
00140418	FUN_00140418
00140458	FUN_00140458
00140480	FUN_00140480
001405a0	InitObjectInstanceContextType2
001405d8	TriggerCrateFall
00140648	FUN_00140648
001406b8	FUN_001406b8
001406e0	FUN_001406e0
00140728	InitHolderType2
00140778	FUN_00140778
001407a0	FUN_001407a0
001407e0	FUN_001407e0
00140808	FUN_00140808
00140830	FUN_00140830
001408c8	FUN_001408c8
00140908	FUN_00140908
00140950	InitObjectInstanceContextType3
001409b0	FUN_001409b0
001409c8	FUN_001409c8
001409e0	FUN_001409e0
00140ac0	FUN_00140ac0
00140ae0	FUN_00140ae0
00140b90	FUN_00140b90
00140ca0	FUN_00140ca0
00140ce8	InitHolderType3
00140d60	FUN_00140d60
00140d88	InitInstanceCreationHelperType3
00140dc8	FUN_00140dc8
00140df0	ResetInstanceCreationHelperType3
00140e20	FUN_00140e20
00140e78	InitObjectInstanceContextType7
00140eb0	FUN_00140eb0
00140f18	FUN_00140f18
00140f30	FUN_00140f30
00140f60	InitHolderType7
00140fb0	FUN_00140fb0
00140fd8	FUN_00140fd8
00141018	FUN_00141018
00141040	FUN_00141040
00141060	InitObjectInstanceContextType4
001410a0	FUN_001410a0
001410c0	FUN_001410c0
00141108	InitHolderType4
00141158	FUN_00141158
00141180	FUN_00141180
001411c0	FUN_001411c0
001411e8	FUN_001411e8
00141210	FUN_00141210
00141290	FUN_00141290
00141318	InitObjectInstanceContextType8
00141350	FUN_00141350
001413e0	FUN_001413e0
00141480	FUN_00141480
00141538	FUN_00141538
00141588	FUN_00141588
001415c8	FUN_001415c8
00141648	InitInstanceCreationHelperType8
00141688	FUN_00141688
001416b8	FUN_001416b8
00141710	FUN_00141710
001417a8	ResetInstanceCreationHelperType8
00141800	InitObjectInstanceContextType6
00141838	InitHolderType6
00141888	FUN_00141888
001418b0	InitInstanceCreationHelperType6
00141908	FUN_00141908
00141938	ResetInstanceCreationHelperType6
00141998	FUN_00141998
001419b8	InitObjectInstanceContextType1
001419f0	FUN_001419f0
00141a38	InitHolderType1
00141a88	FUN_00141a88
00141ab0	FUN_00141ab0
00141b08	FUN_00141b08
00141b38	FUN_00141b38
00141b98	FUN_00141b98
00141bd0	FUN_00141bd0
00141bf8	FUN_00141bf8
00141c28	FUN_00141c28
00141c88	FUN_00141c88
00141ce8	FUN_00141ce8
00141d08	FUN_00141d08
00141ed8	FUN_00141ed8
00142260	FUN_00142260
00142360	FUN_00142360
001425d8	FUN_001425d8
00142820	FUN_00142820
00142a88	FUN_00142a88
00142af8	FUN_00142af8
00142bb0	FUN_00142bb0
00142c98	FUN_00142c98
00142e38	FUN_00142e38
00143240	FUN_00143240
00143368	FUN_00143368
001434a0	FUN_001434a0
00143618	FUN_00143618
00143828	FUN_00143828
00143a58	FUN_00143a58
00143d38	FUN_00143d38
00143fd0	FUN_00143fd0
001445f0	FUN_001445f0
00144a90	FUN_00144a90
00144e28	FUN_00144e28
00145050	FUN_00145050
001451e0	FUN_001451e0
00145518	FUN_00145518
001456e0	FUN_001456e0
00145b58	FUN_00145b58
00145c30	FUN_00145c30
00145e18	FUN_00145e18
00146298	FUN_00146298
001464a8	FUN_001464a8
001466b8	FUN_001466b8
00146740	FUN_00146740
001467d0	FUN_001467d0
00146d98	FUN_00146d98
00147310	FUN_00147310
00147380	FUN_00147380
00147448	FUN_00147448
00147618	FUN_00147618
00147a88	FUN_00147a88
00147dc0	FUN_00147dc0
001480b8	FUN_001480b8
00148560	FUN_00148560
001485b8	FUN_001485b8
001486e8	FUN_001486e8
00148818	FUN_00148818
00148940	FUN_00148940
00148e38	FUN_00148e38
00148ff0	FUN_00148ff0
001491e0	FUN_001491e0
001493d8	FUN_001493d8
001495b0	FUN_001495b0
00149780	FUN_00149780
00149818	FUN_00149818
00149d78	FUN_00149d78
00149f28	FUN_00149f28
0014a100	FUN_0014a100
0014a730	FUN_0014a730
0014a7d0	FUN_0014a7d0
0014a940	FUN_0014a940
0014add0	FUN_0014add0
0014b640	FUN_0014b640
0014b7d0	FUN_0014b7d0
0014bdc0	FUN_0014bdc0
0014c538	FUN_0014c538
0014c748	FUN_0014c748
0014d178	FUN_0014d178
0014d5f0	FUN_0014d5f0
0014d7f8	InitPlayableCharacterRelated
0014dc18	FUN_0014dc18
0014dd18	FUN_0014dd18
0014de38	FUN_0014de38
0014e0a8	FUN_0014e0a8
0014e500	FUN_0014e500
0014e950	FUN_0014e950
0014ea60	FUN_0014ea60
0014ebe0	FUN_0014ebe0
0014ef00	FUN_0014ef00
0014efe0	FUN_0014efe0
0014f330	FUN_0014f330
0014f628	FUN_0014f628
0014f778	FUN_0014f778
0014fb10	FUN_0014fb10
0014fdf8	FUN_0014fdf8
001502c8	FUN_001502c8
001504b0	FUN_001504b0
00150880	FUN_00150880
00150a40	FUN_00150a40
00150d18	FUN_00150d18
001511e0	FUN_001511e0
001512f8	FUN_001512f8
001513e0	FUN_001513e0
001516c8	FUN_001516c8
00151990	FUN_00151990
00151c98	FUN_00151c98
00151f70	FUN_00151f70
00152298	FUN_00152298
001523d8	FUN_001523d8
00152660	FUN_00152660
00152a60	InitRollerbrawlVehicle
00152ad8	FUN_00152ad8
00152d58	FUN_00152d58
00152f68	FUN_00152f68
001531d8	FUN_001531d8
00153468	FUN_00153468
00153570	FUN_00153570
00153688	FUN_00153688
00153770	FUN_00153770
00153ac8	FUN_00153ac8
00153c00	FUN_00153c00
00153cd0	FUN_00153cd0
00153ed0	FUN_00153ed0
00154148	FUN_00154148
00154458	FUN_00154458
00154800	FUN_00154800
001549c8	FUN_001549c8
00154a28	FUN_00154a28
00154d50	FUN_00154d50
00154f60	FUN_00154f60
00155220	FUN_00155220
00155490	FUN_00155490
00155600	FUN_00155600
00155978	FUN_00155978
00156d20	FUN_00156d20
00156fd8	FUN_00156fd8
00157210	FUN_00157210
001578c0	FUN_001578c0
00157a88	FUN_00157a88
00157c98	FUN_00157c98
00157f30	FUN_00157f30
00158160	FUN_00158160
001587c0	FUN_001587c0
00158ad8	InitHumiliskateVehicle
00158b88	FUN_00158b88
00158db8	FUN_00158db8
00158ef8	FUN_00158ef8
001591e8	FUN_001591e8
001593c0	FUN_001593c0
00159730	FUN_00159730
00159a28	FUN_00159a28
00159d28	FUN_00159d28
0015a030	FUN_0015a030
0015a178	FUN_0015a178
0015a2a8	FUN_0015a2a8
0015a688	FUN_0015a688
0015a9f0	FUN_0015a9f0
0015ac20	FUN_0015ac20
0015adf8	FUN_0015adf8
0015b2b0	InitHoverboardVehicle
0015b330	FUN_0015b330
0015b4c8	FUN_0015b4c8
0015b7a0	FUN_0015b7a0
0015b9d0	FUN_0015b9d0
0015bc30	FUN_0015bc30
0015bd20	FUN_0015bd20
0015c478	FUN_0015c478
0015c550	FUN_0015c550
0015c5d0	FUN_0015c5d0
0015c8e8	FUN_0015c8e8
0015c9d0	FUN_0015c9d0
0015cd88	FUN_0015cd88
0015d098	FUN_0015d098
0015d0e8	FUN_0015d0e8
0015d1c0	FUN_0015d1c0
0015d8a8	FUN_0015d8a8
0015da18	FUN_0015da18
0015ddd0	FUN_0015ddd0
0015de00	FUN_0015de00
0015de38	FUN_0015de38
0015de60	FUN_0015de60
0015df20	FUN_0015df20
0015df70	FUN_0015df70
0015e028	FUN_0015e028
0015e120	FUN_0015e120
0015e148	FUN_0015e148
0015e190	FUN_0015e190
0015e268	FUN_0015e268
0015e280	FUN_0015e280
0015e330	FUN_0015e330
0015e428	FUN_0015e428
0015e448	FUN_0015e448
0015e450	FUN_0015e450
0015e468	FUN_0015e468
0015e4a8	ResetCameraState
0015e510	FUN_0015e510
0015e560	FUN_0015e560
0015e610	FUN_0015e610
0015e738	FUN_0015e738
0015e798	FUN_0015e798
0015e840	FUN_0015e840
0015e890	FUN_0015e890
0015e8c0	FUN_0015e8c0
0015e910	FUN_0015e910
0015e948	FUN_0015e948
0015e960	FUN_0015e960
0015e9e8	FUN_0015e9e8
0015ea38	FUN_0015ea38
0015ea68	FUN_0015ea68
0015ea90	FUN_0015ea90
0015eb68	FUN_0015eb68
0015ebd8	FUN_0015ebd8
0015ecc0	FUN_0015ecc0
0015eda8	FUN_0015eda8
0015edc0	FUN_0015edc0
0015edd0	FUN_0015edd0
0015edf0	FUN_0015edf0
0015ee20	FUN_0015ee20
0015ee48	FUN_0015ee48
0015ee90	FUN_0015ee90
0015ef58	FUN_0015ef58
0015efb8	FUN_0015efb8
0015f010	FUN_0015f010
0015f078	FUN_0015f078
0015f0c8	FUN_0015f0c8
0015f1a8	InitUnkPlayableCharStruct_Type5
0015f1f8	FUN_0015f1f8
0015f2c0	FUN_0015f2c0
0015f2f8	FUN_0015f2f8
0015f308	FUN_0015f308
0015f370	FUN_0015f370
0015f3f0	FUN_0015f3f0
0015f470	FUN_0015f470
0015f528	FUN_0015f528
0015f550	FUN_0015f550
0015f610	FUN_0015f610
0015f798	FUN_0015f798
0015f7a8	FUN_0015f7a8
0015f7c0	FUN_0015f7c0
0015f7d0	FUN_0015f7d0
0015f860	FUN_0015f860
0015f8d0	FUN_0015f8d0
0015f968	FUN_0015f968
0015f970	FUN_0015f970
0015f988	FUN_0015f988
0015f9a8	SubscribePlayerLinkJoints
0015fa90	UnsubscribePlayerLinkJoints
0015fb70	FUN_0015fb70
0015fc30	FUN_0015fc30
0015fd10	FUN_0015fd10
0015fdc0	FUN_0015fdc0
0015fe08	GetPartnerCharacterContext
0015fe60	FUN_0015fe60
0015fe90	FUN_0015fe90
0015feb8	FUN_0015feb8
0015fec8	FUN_0015fec8
0015ff08	FUN_0015ff08
0015ff78	FUN_0015ff78
0015ffe8	FUN_0015ffe8
00160090	FUN_00160090
001600d8	FUN_001600d8
00160198	FUN_00160198
001601e8	FUN_001601e8
00160210	FUN_00160210
00160250	FUN_00160250
001602b8	FUN_001602b8
001602e8	FUN_001602e8
00160310	FUN_00160310
001603e0	FUN_001603e0
00160420	FUN_00160420
00160468	FUN_00160468
001604b8	FUN_001604b8
00160570	ResetPlayableCharStructType4
00160640	FUN_00160640
001606f8	FUN_001606f8
00160768	FUN_00160768
001607f0	FUN_001607f0
001608d8	FUN_001608d8
00160a58	FUN_00160a58
00160af8	FUN_00160af8
00160b80	FUN_00160b80
00160be8	FUN_00160be8
00160ce8	FUN_00160ce8
00160e00	FUN_00160e00
00160eb0	FUN_00160eb0
00160ef0	FUN_00160ef0
00160f60	FUN_00160f60
00161098	FUN_00161098
001610a0	FUN_001610a0
001610d0	FUN_001610d0
00161198	FUN_00161198
00161368	FUN_00161368
00161420	FUN_00161420
00161490	FUN_00161490
001614f8	FUN_001614f8
00161508	FUN_00161508
001615d8	FUN_001615d8
001617e8	FUN_001617e8
00161870	FUN_00161870
001618b0	FUN_001618b0
00161920	FUN_00161920
00161978	FUN_00161978
001619c0	FUN_001619c0
00161a48	FUN_00161a48
00161a88	FUN_00161a88
00161ac0	FUN_00161ac0
00161b08	FUN_00161b08
00161b78	FUN_00161b78
00161bb0	FUN_00161bb0
00161bd8	FUN_00161bd8
00161c38	FUN_00161c38
00161c68	FUN_00161c68
00161c98	FUN_00161c98
00161d28	FUN_00161d28
00161d58	FUN_00161d58
00161e10	FUN_00161e10
00161f50	FUN_00161f50
00162098	FUN_00162098
00162148	FUN_00162148
00162190	FUN_00162190
00162210	FUN_00162210
00162270	FUN_00162270
001622d0	FUN_001622d0
00162338	FUN_00162338
00162358	FUN_00162358
00162830	FUN_00162830
001629d0	FUN_001629d0
00162c40	FUN_00162c40
00162da8	FUN_00162da8
00162ed8	FUN_00162ed8
001630d8	FUN_001630d8
00163270	FUN_00163270
001633c8	FUN_001633c8
00163640	FUN_00163640
001636d0	FUN_001636d0
001638c0	FUN_001638c0
00163ee8	FUN_00163ee8
00164118	FUN_00164118
001641a8	FUN_001641a8
00164238	FUN_00164238
00164348	FUN_00164348
00164418	FUN_00164418
001646c8	FUN_001646c8
00164840	FUN_00164840
00164b88	FUN_00164b88
00164ca8	Vector4SetXY
00164cc0	InitVehicleButtonBindings
00164d78	FUN_00164d78
00164da0	FUN_00164da0
00164db8	InitBindings
00164e60	FUN_00164e60
00164e88	FUN_00164e88
00164e90	InitDefaultButtonBindings
00164f58	FUN_00164f58
00164fb0	FUN_00164fb0
00165010	FUN_00165010
001650b8	FUN_001650b8
001650d8	FUN_001650d8
001650f8	FUN_001650f8
00165118	FUN_00165118
00165138	FUN_00165138
00165158	FUN_00165158
00165178	FUN_00165178
00165198	FUN_00165198
00165228	FUN_00165228
00165370	FUN_00165370
001654f8	FUN_001654f8
00165618	FUN_00165618
001656a8	FUN_001656a8
001657d8	FUN_001657d8
00165868	FUN_00165868
00165998	FUN_00165998
00165a58	FUN_00165a58
00165b60	FUN_00165b60
00165bf0	FUN_00165bf0
00165d30	FUN_00165d30
00165dc0	FUN_00165dc0
00165ef0	FUN_00165ef0
00165f10	FUN_00165f10
00165f30	FUN_00165f30
00165f90	FUN_00165f90
00165fb8	FUN_00165fb8
001660c0	FUN_001660c0
001660e0	FUN_001660e0
00166130	FUN_00166130
00166150	FUN_00166150
001661a0	FUN_001661a0
001661c0	FUN_001661c0
00166220	FUN_00166220
00166248	FUN_00166248
00166310	FUN_00166310
00166360	FUN_00166360
00166380	FUN_00166380
00166458	FUN_00166458
00166508	FUN_00166508
00166538	FUN_00166538
00166558	FUN_00166558
001665c0	FUN_001665c0
00166670	FUN_00166670
00166728	FUN_00166728
00166808	FUN_00166808
00166840	FUN_00166840
001668c0	FUN_001668c0
001668f8	FUN_001668f8
00166920	FUN_00166920
00166998	FUN_00166998
001669e0	FUN_001669e0
00166a28	FUN_00166a28
00166a50	FUN_00166a50
00166a78	FUN_00166a78
00166ac0	FUN_00166ac0
00166b30	FUN_00166b30
00166b58	FUN_00166b58
00166ba0	FUN_00166ba0
00166c10	FUN_00166c10
00166c98	FUN_00166c98
00166db8	FUN_00166db8
00166ec8	FUN_00166ec8
00167008	FUN_00167008
00167100	FUN_00167100
00167120	FUN_00167120
00167140	FUN_00167140
00167160	FUN_00167160
00167270	FUN_00167270
00167530	FUN_00167530
00167720	FUN_00167720
00167840	FUN_00167840
00167a18	FUN_00167a18
00167df0	FUN_00167df0
00167ed8	FUN_00167ed8
001680b8	FUN_001680b8
001681b0	FUN_001681b0
001682a0	FUN_001682a0
001684f0	FUN_001684f0
001687a8	FUN_001687a8
001688a0	FUN_001688a0
00169028	InitUnkStruct_0x5C0
00169238	FUN_00169238
00169320	FUN_00169320
00169d20	FUN_00169d20
00169f78	FUN_00169f78
0016a0f8	FUN_0016a0f8
0016a278	FUN_0016a278
0016a518	FUN_0016a518
0016a740	FUN_0016a740
0016a890	FUN_0016a890
0016aa58	FUN_0016aa58
0016b718	FUN_0016b718
0016b938	FUN_0016b938
0016ba38	FUN_0016ba38
0016c9f8	FUN_0016c9f8
0016cc08	FUN_0016cc08
0016ce38	FUN_0016ce38
0016d0d0	FUN_0016d0d0
0016d938	InitRendererRelatedInGameController
0016f318	FUN_0016f318
0016fef0	FUN_0016fef0
00170bd8	FUN_00170bd8
00170d30	FUN_00170d30
00171008	FUN_00171008
00171138	FUN_00171138
00171308	FUN_00171308
001715a0	FUN_001715a0
001716d8	FUN_001716d8
00171a28	FUN_00171a28
00171c20	FUN_00171c20
00171d00	FUN_00171d00
00171ee0	FUN_00171ee0
001720d8	HandleEvent
001721a8	GetAgentNode
00172280	FUN_00172280
00172358	FUN_00172358
00172528	FUN_00172528
00172670	FUN_00172670
00172768	FUN_00172768
00172838	FUN_00172838
001728b8	FUN_001728b8
001729d0	FUN_001729d0
00172ae8	FUN_00172ae8
00172d10	FUN_00172d10
00172fc8	FUN_00172fc8
001731c0	FUN_001731c0
00173a38	FUN_00173a38
00173bc8	FUN_00173bc8
00173c80	FUN_00173c80
00173d10	FUN_00173d10
00173f60	FUN_00173f60
00174130	FUN_00174130
00174268	FUN_00174268
001744a0	FUN_001744a0
001745f8	FUN_001745f8
00174a90	FUN_00174a90
00174ca8	FUN_00174ca8
00174dd0	FUN_00174dd0
00174f78	FUN_00174f78
00175048	FUN_00175048
001751a0	FUN_001751a0
001754f8	FUN_001754f8
00175658	FUN_00175658
00175808	FUN_00175808
001759e0	FUN_001759e0
00175d10	FUN_00175d10
00175e50	FUN_00175e50
001760e0	FUN_001760e0
00176270	FUN_00176270
001764a0	FUN_001764a0
001766d0	FUN_001766d0
00176b78	BeginCutsceneMode
00176cb8	EndCutsceneMode
00176db0	ShowBottomTextStrip
00176e60	FUN_00176e60
00176f50	FUN_00176f50
00177048	FUN_00177048
001771b0	FUN_001771b0
00177278	FUN_00177278
00177a18	FUN_00177a18
00177ba8	FUN_00177ba8
00178040	FUN_00178040
00178150	FUN_00178150
00178290	FUN_00178290
001784a0	LoadGlobalResources
00178588	FUN_00178588
00178890	FUN_00178890
00178eb8	FUN_00178eb8
00178ef8	FUN_00178ef8
00178f50	FUN_00178f50
00178fc0	FUN_00178fc0
00179018	FUN_00179018
00179128	FUN_00179128
00179190	FUN_00179190
001791b0	FUN_001791b0
001791e8	FUN_001791e8
00179280	FUN_00179280
001792e8	FUN_001792e8
00179320	FUN_00179320
00179358	FUN_00179358
00179368	FUN_00179368
001793d0	FUN_001793d0
00179410	FUN_00179410
00179468	FUN_00179468
001794f8	DestroyItem
00179538	FUN_00179538
00179568	FUN_00179568
00179598	FUN_00179598
001795b8	FUN_001795b8
001795d8	FUN_001795d8
00179690	FUN_00179690
00179698	FUN_00179698
001796c0	FUN_001796c0
00179700	FUN_00179700
00179798	FUN_00179798
001797d0	FUN_001797d0
00179860	FUN_00179860
001798d8	FUN_001798d8
00179938	FUN_00179938
001799a8	FUN_001799a8
00179a10	FUN_00179a10
00179ae0	FUN_00179ae0
00179b10	FUN_00179b10
00179b58	FUN_00179b58
00179b78	FUN_00179b78
00179ba0	InitBanksHeader
00179be8	FUN_00179be8
00179cb0	ReadBanksHeader
00179d20	WriteBanksHeader
00179d90	FUN_00179d90
00179db0	FUN_00179db0
00179e20	FUN_00179e20
00179e40	FUN_00179e40
00179ea0	FUN_00179ea0
00179f80	FUN_00179f80
0017a038	FUN_0017a038
0017a1d8	FUN_0017a1d8
0017a220	FUN_0017a220
0017a250	FUN_0017a250
0017a288	FUN_0017a288
0017a2c0	FUN_0017a2c0
0017a2e8	FUN_0017a2e8
0017a318	FUN_0017a318
0017a378	FUN_0017a378
0017a3c0	FUN_0017a3c0
0017a3e8	FUN_0017a3e8
0017a400	GetChunkMeta
0017a508	InitChunkManager
0017a580	FUN_0017a580
0017a5d0	FUN_0017a5d0
0017a610	FUN_0017a610
0017a648	FUN_0017a648
0017a680	InitializeAllGameResources
0017a720	FUN_0017a720
0017a748	FUN_0017a748
0017a750	GetNodeIndex
0017a760	FUN_0017a760
0017a7c8	FUN_0017a7c8
0017a898	FindInstanceByChunkAndIndex
0017a978	FUN_0017a978
0017a9c0	FUN_0017a9c0
0017aa30	FUN_0017aa30
0017aa78	FUN_0017aa78
0017aac8	FUN_0017aac8
0017ab60	FUN_0017ab60
0017ab90	FUN_0017ab90
0017abd8	FUN_0017abd8
0017ac08	FUN_0017ac08
0017ac50	FUN_0017ac50
0017ac98	FUN_0017ac98
0017ad08	GetNodeIndex
0017ad18	FUN_0017ad18
0017ad60	FUN_0017ad60
0017add0	GetNodeIndex
0017ade0	FUN_0017ade0
0017ae28	FUN_0017ae28
0017ae98	FUN_0017ae98
0017aea8	FUN_0017aea8
0017aef0	FUN_0017aef0
0017af60	GetNodeIndex
0017af70	FUN_0017af70
0017afb8	FUN_0017afb8
0017b028	FUN_0017b028
0017b0a8	FUN_0017b0a8
0017b130	GetNodeIndex
0017b140	FUN_0017b140
0017b188	FUN_0017b188
0017b208	GetNodeIndex
0017b218	GetNodeIndex
0017b258	CreateButtonBindingsNode
0017b2b0	FUN_0017b2b0
0017b330	SetButtonBindings
0017b380	FUN_0017b380
0017b3e0	FUN_0017b3e0
0017b438	FUN_0017b438
0017b4b8	FUN_0017b4b8
0017b520	FUN_0017b520
0017b588	FUN_0017b588
0017b5f0	FUN_0017b5f0
0017b640	FUN_0017b640
0017b6b8	FUN_0017b6b8
0017b738	FUN_0017b738
0017b7b8	FUN_0017b7b8
0017b860	FUN_0017b860
0017b8d0	RequestGameOver
0017b930	FUN_0017b930
0017b990	FUN_0017b990
0017b9d0	FUN_0017b9d0
0017ba18	FUN_0017ba18
0017bae8	FUN_0017bae8
0017bbe0	FUN_0017bbe0
0017bc38	FUN_0017bc38
0017bcb8	FUN_0017bcb8
0017bd38	FUN_0017bd38
0017be18	FUN_0017be18
0017bf38	FUN_0017bf38
0017c018	FUN_0017c018
0017c0f8	FUN_0017c0f8
0017c1e0	FUN_0017c1e0
0017c200	FUN_0017c200
0017c228	FUN_0017c228
0017c248	FUN_0017c248
0017c310	FUN_0017c310
0017c378	InitMiniBigBoi
0017c3b0	FUN_0017c3b0
0017c3d8	FUN_0017c3d8
0017c418	FUN_0017c418
0017c490	GetSubItemsAmount
0017c4e8	FUN_0017c4e8
0017c4f0	FUN_0017c4f0
0017c500	GetSoundItemSectionReader
0017c5c8	FUN_0017c5c8
0017c5f8	FUN_0017c5f8
0017c630	FUN_0017c630
0017c668	FUN_0017c668
0017c7e0	~SectionReaderInterface
0017c818	FUN_0017c818
0017c820	FUN_0017c820
0017c828	FUN_0017c828
0017c830	FUN_0017c830
0017c838	FUN_0017c838
0017c860	FUN_0017c860
0017c868	FUN_0017c868
0017c870	FUN_0017c870
0017c890	GetNodeIndex_0xc
0017c8a0	FUN_0017c8a0
0017c8c0	FUN_0017c8c0
0017c8d0	FUN_0017c8d0
0017c900	LoadSound
0017ca00	FUN_0017ca00
0017ca20	AbstractMethodCallException
0017ca50	FUN_0017ca50
0017ca60	FUN_0017ca60
0017cad0	FUN_0017cad0
0017cee8	GetRomName
0017cf58	IsT10K
0017cf98	GetSystemLanguageIndex
0017d008	sceScfGetTimeZone
0017d060	sceScfGetSummerTime
0017d0c8	tobcd
0017d0f8	frombcd
0017d118	convertfrombcd
0017d180	converttobcd
0017d1e8	FUN_0017d1e8
0017d2a0	subdate
0017d348	addhour
0017d378	subhour
0017d3a0	AdjustTime
0017d430	sceScfGetLocalTimefromRTC
0017d478	InitDisk
0017d560	Main
0017d840	ParseArguments
0017d9a8	FUN_0017d9a8
0017db88	FUN_0017db88
0017dc68	MainRender
0017ddc8	FUN_0017ddc8
0017e088	FUN_0017e088
0017e1f0	SetDmaRegisterPointers
0017e308	FinishDMATransferAll
0017e3c8	FUN_0017e3c8
0017e510	FUN_0017e510
0017e658	InitDMA_Manager
0017f460	FUN_0017f460
00180660	FUN_00180660
001815e8	FUN_001815e8
001816f0	FUN_001816f0
001816f8	InitGameContextPrototype
00181758	StringEqualToRB
001817a0	GetArchivePath
00181880	FUN_00181880
00181968	FUN_00181968
00181a00	InitAGlobalRelatedToLanguages
00181aa8	FUN_00181aa8
00181b18	SetGameLanguage
00181b90	FUN_00181b90
00181bc8	FUN_00181bc8
00181c00	FUN_00181c00
00181c20	SimpleCopyrightChecksum?
00181c70	FUN_00181c70
00181cf0	MemoryAllocate
00181d20	MemoryDeallocate2?
00181d50	MemoryAllocate2
00181d80	MemoryDeallocate?
00181db0	GetHeapManager?
00181e58	GetDiskManager?
00181ed8	IsVIF0_TransferingFromMemory
00181f00	TransferDMA_Data
00181fa0	FUN_00181fa0
00182040	FinishDMATransferChannel1
00182060	FinishDMATransfer
001820f8	Start_DMAC_GIF_Transfer
00182178	FUN_00182178
00182200	WaitForDmaIdle
00182280	BeginDmaChain
00182308	FUN_00182308
001823e0	AllocDmaTags
00182420	FUN_00182420
00182460	FUN_00182460
00182490	FUN_00182490
001824b0	FUN_001824b0
00182680	FUN_00182680
001828e0	FUN_001828e0
00182b08	FUN_00182b08
001830a8	FUN_001830a8
00183260	FUN_00183260
001834d0	FUN_001834d0
00183740	FUN_00183740
001839b0	FUN_001839b0
00183b60	FUN_00183b60
00183e48	FUN_00183e48
001844d8	FUN_001844d8
00184570	FUN_00184570
00184660	FUN_00184660
001847b0	FUN_001847b0
001849f0	FUN_001849f0
00184ad0	FUN_00184ad0
00184c60	FUN_00184c60
00184df8	FUN_00184df8
00185088	FUN_00185088
001857e8	FUN_001857e8
00185910	FUN_00185910
00185c10	FUN_00185c10
00185df8	FUN_00185df8
001860b0	FUN_001860b0
001861d0	BuildBasisFromForward
00186398	FUN_00186398
00186550	FUN_00186550
001867e0	FUN_001867e0
00186930	FUN_00186930
00186a38	GetRotationXY
00186bd8	GetRotationXZ
00186d70	GetRotationYZ
00186f10	GetRotationXYZ
00187090	GetRotationVec?
001872e0	FUN_001872e0
00187528	FUN_00187528
001876c8	FUN_001876c8
00187890	FUN_00187890
00187c48	FUN_00187c48
00187d78	FUN_00187d78
00188160	FUN_00188160
00188358	FUN_00188358
00188670	FUN_00188670
00188950	FUN_00188950
00188a90	FUN_00188a90
00188cb0	FUN_00188cb0
00188de8	FUN_00188de8
001891d8	FUN_001891d8
001892b8	FUN_001892b8
00189440	FUN_00189440
00189550	FUN_00189550
00189698	FUN_00189698
001899d0	FUN_001899d0
00189ac8	FUN_00189ac8
00189c18	FUN_00189c18
00189dd0	FUN_00189dd0
00189f90	FUN_00189f90
0018a658	FUN_0018a658
0018a7a8	FUN_0018a7a8
0018a9b8	FUN_0018a9b8
0018aae0	FUN_0018aae0
0018ae68	FUN_0018ae68
0018af78	FUN_0018af78
0018b110	FUN_0018b110
0018b390	FUN_0018b390
0018b4c0	FUN_0018b4c0
0018b580	FUN_0018b580
0018b590	FUN_0018b590
0018b5d0	ConstructTransGeoPoint
0018b660	FUN_0018b660
0018b698	FUN_0018b698
0018b6d0	SetTransformMatrix
0018b738	RotateAndTranslate
0018b820	FUN_0018b820
0018b860	FUN_0018b860
0018b880	FUN_0018b880
0018b960	FUN_0018b960
0018b9b0	FUN_0018b9b0
0018ba20	FUN_0018ba20
0018bb98	FUN_0018bb98
0018bc30	FUN_0018bc30
0018bcf8	FUN_0018bcf8
0018bd10	FUN_0018bd10
0018bd30	FUN_0018bd30
0018bda8	FUN_0018bda8
0018be40	FUN_0018be40
0018be70	FUN_0018be70
0018bec0	UnkDebugFunction3
0018bec8	FUN_0018bec8
0018bf88	FUN_0018bf88
0018c050	FUN_0018c050
0018c078	FUN_0018c078
0018c0a8	FUN_0018c0a8
0018c0f8	FUN_0018c0f8
0018c190	FUN_0018c190
0018c1c0	FUN_0018c1c0
0018c1e8	FUN_0018c1e8
0018c278	FUN_0018c278
0018c350	FUN_0018c350
0018c428	FUN_0018c428
0018c510	FUN_0018c510
0018c588	FUN_0018c588
0018c650	FUN_0018c650
0018c6d8	FUN_0018c6d8
0018c740	FUN_0018c740
0018c788	FUN_0018c788
0018c7a8	GetRandom
0018c7f0	GetRandRange
0018c848	GetRandFloat
0018c880	RandomFloatSigned
0018c8c0	GetRandFloat?
0018c910	FUN_0018c910
0018c950	FUN_0018c950
0018c9a0	FUN_0018c9a0
0018ca30	ClampFloat
0018ca78	FUN_0018ca78
0018cb38	FUN_0018cb38
0018cbc8	FUN_0018cbc8
0018cc18	FUN_0018cc18
0018ccd8	FUN_0018ccd8
0018cdb8	FUN_0018cdb8
0018ce00	FUN_0018ce00
0018cf08	FUN_0018cf08
0018cfc0	MakeTranslationTransform
0018d028	FUN_0018d028
0018d090	FUN_0018d090
0018d0d8	FUN_0018d0d8
0018d198	FUN_0018d198
0018d1f0	FUN_0018d1f0
0018d268	FUN_0018d268
0018d318	FUN_0018d318
0018d3f0	FUN_0018d3f0
0018d470	FillPosition
0018d490	FUN_0018d490
0018d4e8	FUN_0018d4e8
0018d530	FUN_0018d530
0018d570	MultiplyMatByMat
0018d5b8	FUN_0018d5b8
0018d608	FUN_0018d608
0018d638	FUN_0018d638
0018d6c8	FUN_0018d6c8
0018d728	FUN_0018d728
0018d7b0	FUN_0018d7b0
0018d830	BuildTrianglePlane
0018d8c0	FUN_0018d8c0
0018d908	FUN_0018d908
0018d968	FUN_0018d968
0018d9d0	FUN_0018d9d0
0018da50	FUN_0018da50
0018daa0	FUN_0018daa0
0018db18	FUN_0018db18
0018db90	FUN_0018db90
0018dc20	FUN_0018dc20
0018dce8	RotateVecByVec
0018dd20	FUN_0018dd20
0018ddb0	AngleToQuaternion
0018de40	FUN_0018de40
0018ded0	FUN_0018ded0
0018df28	FUN_0018df28
0018dfa8	FUN_0018dfa8
0018e080	FUN_0018e080
0018e0b0	FUN_0018e0b0
0018e1d0	FUN_0018e1d0
0018e288	FUN_0018e288
0018e310	FUN_0018e310
0018e420	FUN_0018e420
0018e530	FUN_0018e530
0018e560	FUN_0018e560
0018e590	FUN_0018e590
0018e608	FUN_0018e608
0018e758	FUN_0018e758
0018e7b8	FUN_0018e7b8
0018e818	FUN_0018e818
0018e840	FUN_0018e840
0018e890	FUN_0018e890
0018e920	FUN_0018e920
0018e970	ReadPath
0018ea10	FUN_0018ea10
0018ea78	FUN_0018ea78
0018eb28	FUN_0018eb28
0018eb98	ReadPathPoints
0018ec48	TransformVector?
0018ec80	MultiplyMatrixByVector
0018ecc0	FUN_0018ecc0
0018ed00	InitIdentityMatrix
0018ed30	MultiplyMatrices
0018edb0	Rotate?
0018ee40	TransposeQuadwords
0018ee88	FUN_0018ee88
0018eed0	CopyMatrix?
0018ef18	TransposeMatrix
0018ef98	InvertRigidMatrix
0018f060	FUN_0018f060
0018f088	FUN_0018f088
0018f0e8	FUN_0018f0e8
0018f1f0	FUN_0018f1f0
0018f278	FUN_0018f278
0018f2d8	FUN_0018f2d8
0018f300	FUN_0018f300
0018f330	FUN_0018f330
0018f388	FUN_0018f388
0018f3d0	FUN_0018f3d0
0018f7b8	FUN_0018f7b8
0018f7d8	FUN_0018f7d8
0018f8c8	FUN_0018f8c8
0018f960	FUN_0018f960
0018fb18	FUN_0018fb18
0018fc88	FUN_0018fc88
0018fe08	FUN_0018fe08
0018ff28	FUN_0018ff28
001900c8	FUN_001900c8
00190280	FUN_00190280
00190328	FUN_00190328
001903e0	FUN_001903e0
00190738	FUN_00190738
00190a18	FUN_00190a18
00190b90	FUN_00190b90
00191130	FUN_00191130
001913e0	FUN_001913e0
00191458	FUN_00191458
00191470	FUN_00191470
00191520	FUN_00191520
00191548	FUN_00191548
00191580	FUN_00191580
00191628	FUN_00191628
001916a0	FUN_001916a0
001916f0	FUN_001916f0
00191768	FUN_00191768
00191780	FUN_00191780
00191828	FUN_00191828
00191900	FUN_00191900
001919d0	FUN_001919d0
00191a38	FUN_00191a38
00191ac8	FUN_00191ac8
00191bb8	FUN_00191bb8
00191d68	FUN_00191d68
00191d80	AdvanceTimeClock
00191dd8	AdvanceTimeClockScaled
00191e48	FUN_00191e48
00191ea8	FUN_00191ea8
00191f00	FUN_00191f00
00191f38	FUN_00191f38
00191f70	FUN_00191f70
00191f98	AdvanceGlobalClock
00191fc8	AdvanceClocks
00192038	FUN_00192038
00192068	FUN_00192068
00192080	FUN_00192080
001920a0	FUN_001920a0
001920b0	GetCPU_Timer0_Count
00192110	CPU_Timer0_Interrupt_Handler
00192158	SetupCPU_Timer0
001921c0	FUN_001921c0
001922a0	FUN_001922a0
001922f8	FUN_001922f8
00192330	FUN_00192330
00192360	FUN_00192360
00192410	FUN_00192410
00192528	InitGameNode?
00192558	DestroyNode?
00192588	FUN_00192588
001925a8	SetContextIfNone
001925c0	StampNodeUpdate
00192608	FUN_00192608
00192638	DestroyNodesList
001926c8	FUN_001926c8
00192738	FUN_00192738
001927b8	AttachNodeToContext
00192830	FUN_00192830
001928a8	GetGameNode?
001928c0	FUN_001928c0
00192978	InitUnkMatricesNode
001929d8	FUN_001929d8
00192a00	FUN_00192a00
00192af0	FUN_00192af0
00192b38	FUN_00192b38
00192b80	FUN_00192b80
00192bc8	FUN_00192bc8
00192c80	FUN_00192c80
00192db8	FUN_00192db8
00192e30	DestroyGroupEntry
00192ef8	FUN_00192ef8
00193328	FUN_00193328
00193498	FUN_00193498
00193630	FUN_00193630
001936a0	FUN_001936a0
001937a8	FUN_001937a8
00193848	FUN_00193848
00193960	FUN_00193960
001939e8	FUN_001939e8
00193b18	FUN_00193b18
00193ca8	FUN_00193ca8
001947d0	FUN_001947d0
00194d98	FUN_00194d98
00195188	FUN_00195188
001951a0	DestroyEntryGroup
001951e8	FUN_001951e8
001953a8	FUN_001953a8
00195400	FUN_00195400
00195450	RemoveAttachmentAt
00195510	ReleaseGroupEntries
001955a0	FindDefaultAttachment
00195600	FindAttachmentBySlot
00195658	TakeDefaultAttachment
001956d8	TakeAttachmentBySlot
00195758	FUN_00195758
001957d8	FUN_001957d8
00195870	FUN_00195870
001958c8	InitInstanceInformation
00195938	FUN_00195938
001959a8	FUN_001959a8
00195a08	FUN_00195a08
00195b28	FUN_00195b28
00195c38	FUN_00195c38
00195e98	FindContextRefIndex
00195ed8	RemoveContextRefAt
00195f68	DetachInstanceContextRef
00195fd8	ReleaseEmptyEntryGroup
00196030	FUN_00196030
00196070	FUN_00196070
001960b8	FUN_001960b8
00196168	FUN_00196168
00196208	FUN_00196208
00196258	AddContextRef
00196320	FUN_00196320
001963b8	FUN_001963b8
00196408	FUN_00196408
001965d8	FUN_001965d8
001966b0	FUN_001966b0
00196798	FUN_00196798
001968c0	FUN_001968c0
00196958	FUN_00196958
001969b0	FUN_001969b0
00196b78	FUN_00196b78
00196c08	FUN_00196c08
00196cb0	FUN_00196cb0
00196d88	DetachAttachedObject
00196e00	FUN_00196e00
00196e50	FUN_00196e50
00196e88	FUN_00196e88
00196ec8	FUN_00196ec8
001970d8	FUN_001970d8
00197140	FUN_00197140
00197290	FUN_00197290
00197348	FUN_00197348
00197440	FUN_00197440
001974c0	FUN_001974c0
001974e8	FUN_001974e8
00197548	FUN_00197548
001975b0	GetOrCreateLinkedObjectsNode
00197618	FUN_00197618
001976a8	InitInstanceContextBase
00197720	FUN_00197720
00197780	FUN_00197780
00197798	FUN_00197798
001977b0	FUN_001977b0
001977d8	CreateContextRef
00197898	FUN_00197898
001978b0	FUN_001978b0
001978e0	GetInstanceTransform
00197918	AttachNodeToInstance
00197990	FUN_00197990
001979f0	InitInstanceContext
00197ab8	FUN_00197ab8
00197b88	FUN_00197b88
00197bb8	FUN_00197bb8
00197c10	FUN_00197c10
00197c58	FUN_00197c58
00197c98	FUN_00197c98
00197d00	FUN_00197d00
00197da8	GetContextClock
00197de0	FUN_00197de0
00197fa8	FUN_00197fa8
00198138	ResolveInstanceChunk
00198178	FUN_00198178
001981c0	QueueInstanceEvent
00198328	FUN_00198328
00198380	FUN_00198380
001985d0	FUN_001985d0
00198628	FUN_00198628
00198730	FUN_00198730
001987f8	FUN_001987f8
001988c0	FUN_001988c0
00198938	FUN_00198938
00198a18	FUN_00198a18
00198a50	FUN_00198a50
00198b78	FUN_00198b78
00198bc0	FUN_00198bc0
00198c88	FUN_00198c88
00198d50	FUN_00198d50
00198e18	FUN_00198e18
00198e38	FUN_00198e38
00198ec0	FUN_00198ec0
00199018	FUN_00199018
00199170	FUN_00199170
001991a0	FUN_001991a0
001991d8	FUN_001991d8
00199200	FUN_00199200
00199260	FUN_00199260
001992c0	FUN_001992c0
00199320	FUN_00199320
00199380	FUN_00199380
001993b0	RegisterNodeWithChunk
00199430	FUN_00199430
00199508	FUN_00199508
00199558	FUN_00199558
00199630	FUN_00199630
00199670	FUN_00199670
001996b0	FUN_001996b0
00199720	FUN_00199720
001997d0	FUN_001997d0
00199820	FUN_00199820
00199848	FUN_00199848
00199a00	FUN_00199a00
00199a20	FUN_00199a20
00199a48	FUN_00199a48
00199a70	FUN_00199a70
00199aa0	FUN_00199aa0
00199ae0	FUN_00199ae0
00199b60	FUN_00199b60
00199bf0	FUN_00199bf0
00199c48	FUN_00199c48
00199ca0	FUN_00199ca0
00199cd8	FUN_00199cd8
00199d40	FUN_00199d40
00199d80	FUN_00199d80
00199dc0	FUN_00199dc0
00199e08	FUN_00199e08
00199e80	FUN_00199e80
00199ef8	FUN_00199ef8
00199f40	FUN_00199f40
00199f70	FUN_00199f70
00199fe8	FUN_00199fe8
0019a030	FUN_0019a030
0019a060	FUN_0019a060
0019a088	FUN_0019a088
0019a0c8	UnlinkFromIntrusiveList
0019a140	LinkIntoIntrusiveList
0019a180	AddGameNodeToList
0019a1c0	UnloadNode
0019a238	FUN_0019a238
0019a328	FUN_0019a328
0019a338	FUN_0019a338
0019a370	FUN_0019a370
0019a658	FUN_0019a658
0019a688	FUN_0019a688
0019a6d0	HasNodeSpaceInList
0019a6f0	FUN_0019a6f0
0019a708	FUN_0019a708
0019a7d8	GetNodeIndex
0019a7e0	FUN_0019a7e0
0019a7f8	GetNodeIndex
0019a840	FUN_0019a840
0019aa48	FUN_0019aa48
0019aa78	FUN_0019aa78
0019aa80	FUN_0019aa80
0019aab0	FUN_0019aab0
0019aac0	FUN_0019aac0
0019ab10	FUN_0019ab10
0019ab20	FUN_0019ab20
0019ab38	FUN_0019ab38
0019ab50	FUN_0019ab50
0019ab68	FUN_0019ab68
0019abc0	TranslateTransformLocal
0019ad48	Rotate
0019af18	FUN_0019af18
0019afd0	FUN_0019afd0
0019b088	FUN_0019b088
0019b148	FUN_0019b148
0019b170	FUN_0019b170
0019b238	InitDefaultGifTags?
0019b570	FUN_0019b570
0019b780	SetupPCRTC
0019b8b0	FUN_0019b8b0
0019ba10	FUN_0019ba10
0019bc10	FUN_0019bc10
0019bd38	SetRigidModelRenderDMA
0019c410	FUN_0019c410
0019cdc8	FUN_0019cdc8
0019ced8	FUN_0019ced8
0019d088	FUN_0019d088
0019d250	FUN_0019d250
0019d3f0	FUN_0019d3f0
0019d578	FUN_0019d578
0019d6e0	FUN_0019d6e0
0019d840	FUN_0019d840
0019d8c8	FUN_0019d8c8
0019d9d8	FUN_0019d9d8
0019e4c0	SetInstanceOGI?
0019e5d0	FUN_0019e5d0
0019e988	InitGraphicsItem
0019ead0	UnloadGraphics
0019efb0	FUN_0019efb0
0019f0c8	FUN_0019f0c8
0019f4e8	FUN_0019f4e8
0019f548	GetGraphicsSectionReader
0019f5e0	FUN_0019f5e0
0019f720	FUN_0019f720
0019f958	FUN_0019f958
0019fd50	FUN_0019fd50
0019fee0	FUN_0019fee0
0019ffd0	FUN_0019ffd0
001a0008	FUN_001a0008
001a0058	FUN_001a0058
001a0098	InitMaterialShader
001a0128	SetParticleDataBinReader
001a0160	ReadBytesIntoMemWithGlobalBinReader
001a0198	ReadFloatFromGlobalBinReader
001a01d0	ReadUIntFromGlobalBinReader
001a0210	ReadUShortFromGlobalBinReader
001a0248	ReadByteFromGlobalBinReader
001a0280	GetNodeIndex
001a02a8	InitRenderer?
001a03f0	FUN_001a03f0
001a0448	FUN_001a0448
001a04e8	Render
001a0540	FUN_001a0540
001a0598	FUN_001a0598
001a05c0	FUN_001a05c0
001a05c8	FUN_001a05c8
001a0608	FUN_001a0608
001a0638	FUN_001a0638
001a06d0	FUN_001a06d0
001a0730	FUN_001a0730
001a07c0	FUN_001a07c0
001a0848	FUN_001a0848
001a0860	FUN_001a0860
001a08e0	PerformRender
001a0978	FUN_001a0978
001a09b0	FUN_001a09b0
001a0a60	FUN_001a0a60
001a0a90	FUN_001a0a90
001a0b08	FUN_001a0b08
001a0b30	QueueTextDraw
001a0be0	FUN_001a0be0
001a0ca0	FUN_001a0ca0
001a0d70	FUN_001a0d70
001a0dd0	AppendGifTag
001a0e38	FUN_001a0e38
001a0ee8	FUN_001a0ee8
001a0f80	FUN_001a0f80
001a10b0	InitGameRendererController
001a10e8	FUN_001a10e8
001a1118	FUN_001a1118
001a1148	FUN_001a1148
001a11c0	FUN_001a11c0
001a11d8	FUN_001a11d8
001a1258	FUN_001a1258
001a1270	FUN_001a1270
001a12e0	FUN_001a12e0
001a1310	FUN_001a1310
001a1388	FUN_001a1388
001a13d8	FUN_001a13d8
001a1468	FUN_001a1468
001a15e8	FUN_001a15e8
001a1768	FUN_001a1768
001a17c0	InitOgiNode
001a1818	FUN_001a1818
001a18b8	FUN_001a18b8
001a1910	FUN_001a1910
001a1960	ApplyOgiToCollision
001a1990	FUN_001a1990
001a1a00	FUN_001a1a00
001a1ac0	LoadGraphicsSection
001a1ae8	FUN_001a1ae8
001a1bb8	FUN_001a1bb8
001a1c88	FUN_001a1c88
001a1d58	FUN_001a1d58
001a1e28	FUN_001a1e28
001a1ef8	FUN_001a1ef8
001a1fc8	FUN_001a1fc8
001a2098	FUN_001a2098
001a2168	FUN_001a2168
001a2238	LoadGraphicsSubSection
001a2308	FUN_001a2308
001a2328	GetSubSectionsAmount
001a2338	FUN_001a2338
001a2348	FUN_001a2348
001a2430	FUN_001a2430
001a2458	FUN_001a2458
001a24b0	FUN_001a24b0
001a2528	FUN_001a2528
001a2578	FUN_001a2578
001a26c8	FUN_001a26c8
001a26e0	FUN_001a26e0
001a2750	FindGraphicsResourceById
001a2810	FindGameMaterialById
001a2910	FUN_001a2910
001a2930	FUN_001a2930
001a2938	FUN_001a2938
001a2988	GetLodsAmount
001a29b0	GetLodsSectionReader
001a2ae0	FUN_001a2ae0
001a2b00	GetRigidModels2Amount
001a2b28	GetRigidModels2SectionReader
001a2c58	FUN_001a2c58
001a2c78	GetSkydomesAmount
001a2ca0	GetSkydomeSectionReader
001a2dd0	FUN_001a2dd0
001a2df0	GetBlendSkinsAmount
001a2e18	GetBlendSkinSectionLoader
001a2f48	FUN_001a2f48
001a2f68	GetSkinsAmount
001a2f90	GetSkinsSubSectionReader
001a30c0	FUN_001a30c0
001a30e0	GetRigidModelsAmount
001a3108	GetRigidModelsReader
001a3238	FUN_001a3238
001a3258	GetMaterialsItemsAmount
001a3280	GetGameModelReader
001a33b0	FUN_001a33b0
001a33d0	GetSubSectionsAmount
001a33f8	GetTextureItemSectionReader
001a3528	FUN_001a3528
001a3548	GetSubSectionAmount
001a3558	FUN_001a3558
001a3560	FUN_001a3560
001a3570	GetMaterialsItemSectionReader
001a36a0	FUN_001a36a0
001a36c0	FUN_001a36c0
001a38b8	FUN_001a38b8
001a3a38	FUN_001a3a38
001a3c30	FUN_001a3c30
001a3db0	FUN_001a3db0
001a3fa8	FUN_001a3fa8
001a4128	FUN_001a4128
001a4320	FUN_001a4320
001a44a0	FUN_001a44a0
001a4698	FUN_001a4698
001a4818	FUN_001a4818
001a4a10	FUN_001a4a10
001a4b90	FUN_001a4b90
001a4d88	FUN_001a4d88
001a4f10	FUN_001a4f10
001a5078	FUN_001a5078
001a51e0	FUN_001a51e0
001a5348	FUN_001a5348
001a54b0	FUN_001a54b0
001a5618	FUN_001a5618
001a5780	FUN_001a5780
001a58e8	FUN_001a58e8
001a5a50	FUN_001a5a50
001a5bb8	FUN_001a5bb8
001a5db0	FUN_001a5db0
001a5fa8	FUN_001a5fa8
001a6040	InitRenderersStorage
001a6078	FUN_001a6078
001a60f0	FUN_001a60f0
001a6120	FUN_001a6120
001a6150	FUN_001a6150
001a6180	FUN_001a6180
001a61b0	FUN_001a61b0
001a61e0	FUN_001a61e0
001a6210	FUN_001a6210
001a6240	FUN_001a6240
001a6270	FUN_001a6270
001a62a0	LoadMaterial
001a6300	LoadTexture
001a6360	LoadGameModel
001a63c0	LoadRigidModel
001a6420	LoadGameSkin
001a6480	LoadBlendSkin
001a64e0	LoadSkydome
001a6540	LoadRigidModel2
001a65a0	LoadLOD
001a6600	FUN_001a6600
001a6678	FUN_001a6678
001a66a0	FUN_001a66a0
001a67f8	FUN_001a67f8
001a6920	FUN_001a6920
001a6a28	FUN_001a6a28
001a6b98	FUN_001a6b98
001a7250	FUN_001a7250
001a7418	FUN_001a7418
001a7528	FUN_001a7528
001a76f0	FUN_001a76f0
001a7a88	FUN_001a7a88
001a7c20	FUN_001a7c20
001a7e40	FUN_001a7e40
001a8190	FUN_001a8190
001a8500	FUN_001a8500
001a8858	FUN_001a8858
001a89f8	FUN_001a89f8
001a8b78	FUN_001a8b78
001a8ce0	FUN_001a8ce0
001a8f30	FUN_001a8f30
001a9170	FUN_001a9170
001a9708	FUN_001a9708
001a98b0	FUN_001a98b0
001a9a30	FUN_001a9a30
001a9bd8	FUN_001a9bd8
001a9df0	FUN_001a9df0
001aa048	FUN_001aa048
001aa108	FUN_001aa108
001aa1e8	FUN_001aa1e8
001aa280	FUN_001aa280
001aa338	FUN_001aa338
001aa400	FUN_001aa400
001aaa70	ReadFont
001aadc8	FUN_001aadc8
001aafb0	FUN_001aafb0
001ab090	FUN_001ab090
001ab268	FUN_001ab268
001ab420	FUN_001ab420
001ab548	FUN_001ab548
001ab5b8	FUN_001ab5b8
001ab628	FUN_001ab628
001ab680	FUN_001ab680
001ab6e8	FUN_001ab6e8
001ab748	FUN_001ab748
001ab7f0	FUN_001ab7f0
001ab800	FUN_001ab800
001ab8a0	FUN_001ab8a0
001ab8f0	FUN_001ab8f0
001ab938	FUN_001ab938
001ab9a8	FUN_001ab9a8
001ab9e0	FUN_001ab9e0
001aba38	FUN_001aba38
001aba88	FUN_001aba88
001abaf8	FUN_001abaf8
001abb60	FUN_001abb60
001abbb0	FUN_001abbb0
001abc58	FUN_001abc58
001abcc8	FUN_001abcc8
001abd20	FUN_001abd20
001abd78	FUN_001abd78
001abd98	FUN_001abd98
001abdc8	FUN_001abdc8
001abe70	FUN_001abe70
001abe88	FUN_001abe88
001abf08	FUN_001abf08
001abfa0	FUN_001abfa0
001abfd0	FUN_001abfd0
001ac0f8	FUN_001ac0f8
001ac110	FUN_001ac110
001ac268	FUN_001ac268
001ac2f0	FUN_001ac2f0
001ac358	FUN_001ac358
001ac4b0	FUN_001ac4b0
001ac4e0	FUN_001ac4e0
001ac540	FUN_001ac540
001ac5b0	FUN_001ac5b0
001ac640	FUN_001ac640
001ac6a8	FUN_001ac6a8
001ac708	FUN_001ac708
001ac7b8	FUN_001ac7b8
001ac850	FUN_001ac850
001ac8d0	FUN_001ac8d0
001ac8f8	FUN_001ac8f8
001ac938	FUN_001ac938
001ac968	FUN_001ac968
001ac9e0	FUN_001ac9e0
001ac9f8	FUN_001ac9f8
001acaf8	FUN_001acaf8
001acb60	FUN_001acb60
001acbb0	FUN_001acbb0
001acbf8	FUN_001acbf8
001acc50	FUN_001acc50
001acc80	FUN_001acc80
001accf8	FUN_001accf8
001acd10	FUN_001acd10
001acde8	InitFont
001ace58	FUN_001ace58
001acec0	ClearFontTexMat
001acf30	FUN_001acf30
001acf50	FUN_001acf50
001ad008	FUN_001ad008
001ad080	FUN_001ad080
001ad158	FUN_001ad158
001ad1a8	FUN_001ad1a8
001ad200	FUN_001ad200
001ad270	FUN_001ad270
001ad2a8	FUN_001ad2a8
001ad318	FUN_001ad318
001ad368	FUN_001ad368
001ad388	FUN_001ad388
001ad4b8	FUN_001ad4b8
001ad760	FUN_001ad760
001ad8e8	FUN_001ad8e8
001adea8	FUN_001adea8
001ae0f8	FUN_001ae0f8
001ae2c8	FUN_001ae2c8
001ae3a8	FUN_001ae3a8
001ae528	FUN_001ae528
001ae6f8	FUN_001ae6f8
001ae810	FUN_001ae810
001ae8e8	FUN_001ae8e8
001ae960	FUN_001ae960
001aeab8	FUN_001aeab8
001aecc0	FUN_001aecc0
001aee28	FUN_001aee28
001af150	FUN_001af150
001af6d8	FUN_001af6d8
001afd88	FUN_001afd88
001aff18	FUN_001aff18
001b0438	FUN_001b0438
001b0a20	FUN_001b0a20
001b0b80	FUN_001b0b80
001b0d28	FUN_001b0d28
001b1638	FUN_001b1638
001b19f0	FUN_001b19f0
001b1db0	FUN_001b1db0
001b2198	FUN_001b2198
001b25c8	FUN_001b25c8
001b2a10	FUN_001b2a10
001b2e90	FUN_001b2e90
001b3330	FUN_001b3330
001b3768	FUN_001b3768
001b3920	FUN_001b3920
001b3b00	FUN_001b3b00
001b3cf0	FUN_001b3cf0
001b3e48	FUN_001b3e48
001b4200	FUN_001b4200
001b4658	FUN_001b4658
001b4700	FUN_001b4700
001b4f70	FUN_001b4f70
001b5400	FUN_001b5400
001b5738	FUN_001b5738
001b58a8	FUN_001b58a8
001b5b60	FUN_001b5b60
001b5c50	FUN_001b5c50
001b6120	FUN_001b6120
001b6468	FUN_001b6468
001b72d0	FUN_001b72d0
001b74d8	FUN_001b74d8
001b76a0	FUN_001b76a0
001b7818	FUN_001b7818
001b7c30	FUN_001b7c30
001b7db0	GetLoadedParticleIndexByName
001b7ec8	FUN_001b7ec8
001b81b8	FUN_001b81b8
001b8270	FUN_001b8270
001b8438	FUN_001b8438
001b8670	ReadParticleType
001b8dd8	FUN_001b8dd8
001b90a0	ReadMainParticleSection
001b95b8	FUN_001b95b8
001b9830	FUN_001b9830
001b9870	FUN_001b9870
001b98a8	FUN_001b98a8
001b98d8	FUN_001b98d8
001b9958	FUN_001b9958
001b9a08	FUN_001b9a08
001b9a30	FUN_001b9a30
001b9a68	FUN_001b9a68
001b9c30	FUN_001b9c30
001b9d00	FUN_001b9d00
001b9d38	FUN_001b9d38
001b9d58	FUN_001b9d58
001b9df8	FUN_001b9df8
001b9e48	FUN_001b9e48
001b9ec0	FUN_001b9ec0
001b9f40	FUN_001b9f40
001b9f70	FUN_001b9f70
001b9fd8	FUN_001b9fd8
001ba018	FUN_001ba018
001ba0c8	FUN_001ba0c8
001ba148	FUN_001ba148
001ba170	FUN_001ba170
001ba1d0	FUN_001ba1d0
001ba240	FUN_001ba240
001ba2f0	FUN_001ba2f0
001ba330	FUN_001ba330
001ba350	FUN_001ba350
001ba488	FUN_001ba488
001ba6c0	FUN_001ba6c0
001baa50	FUN_001baa50
001bab38	FUN_001bab38
001bb2e0	RenderMaterial
001bb5e8	FUN_001bb5e8
001bb8e0	FUN_001bb8e0
001bbc08	FUN_001bbc08
001bbea0	ReadMaterialShader
001bc650	FUN_001bc650
001bc810	ReleaseGameMaterial
001bc8f0	FUN_001bc8f0
001bc9e0	FUN_001bc9e0
001bcbf8	FUN_001bcbf8
001bce30	WriteTextureRegisters
001bd0b0	ReadTexture
001bd1b0	FUN_001bd1b0
001bd2e8	ReadGameModel
001bd508	ReadRigidModel
001bd790	SetRigidModelDma?
001bd998	ReadBlendSkin
001bdb00	SetBlendSkinDMA
001bdf90	ReadBlendSkinSubBlend
001be140	CreateSubBlendDMA_Chain?
001be3e8	FUN_001be3e8
001be518	ReadGameSkin
001be720	FUN_001be720
001be828	SetSkinDMA
001bed00	ReadRigidModel2
001bef80	FUN_001bef80
001bf188	FUN_001bf188
001bf3a0	FUN_001bf3a0
001bf5e8	ReadLOD
001bf8b0	FUN_001bf8b0
001bfa28	FUN_001bfa28
001bfbd8	FUN_001bfbd8
001bfe90	InitGraphicsResourceTables
001c02e8	FUN_001c02e8
001c03a8	FUN_001c03a8
001c0440	FUN_001c0440
001c0480	FUN_001c0480
001c0680	FUN_001c0680
001c0738	ReadSkydome
001c0838	InitPrecompShaderRelated
001c0880	FUN_001c0880
001c0920	FUN_001c0920
001c0980	FUN_001c0980
001c09e0	FUN_001c09e0
001c0a08	FUN_001c0a08
001c0ab8	FUN_001c0ab8
001c0b00	FUN_001c0b00
001c0b50	FUN_001c0b50
001c0b98	InitShadersRenderedAmt
001c0ba0	FUN_001c0ba0
001c0c20	FUN_001c0c20
001c0c98	FUN_001c0c98
001c0d18	FUN_001c0d18
001c0dc8	InitGameMaterial
001c0e00	ReadMaterial
001c0e70	FUN_001c0e70
001c0f08	FUN_001c0f08
001c0f88	FUN_001c0f88
001c0fb8	FUN_001c0fb8
001c0fe0	FUN_001c0fe0
001c1010	SetTextureDma?
001c10f0	FUN_001c10f0
001c1118	FUN_001c1118
001c1180	InitGameTexture
001c11d0	ReleaseGameTexture
001c1298	FUN_001c1298
001c13a0	InitGameModel
001c13d8	FUN_001c13d8
001c1478	FUN_001c1478
001c14d8	FUN_001c14d8
001c1598	FUN_001c1598
001c1668	InitGameBlendSkin
001c16a8	FUN_001c16a8
001c1770	FUN_001c1770
001c1870	FUN_001c1870
001c1928	FUN_001c1928
001c1938	FUN_001c1938
001c19e0	FUN_001c19e0
001c1a10	ReadBlendSkinSubBlendStorage
001c1ac0	FUN_001c1ac0
001c1b80	FUN_001c1b80
001c1ba0	FUN_001c1ba0
001c1c68	FUN_001c1c68
001c1cb0	FUN_001c1cb0
001c1d18	FUN_001c1d18
001c1dd0	FUN_001c1dd0
001c1e70	FUN_001c1e70
001c1ed0	FUN_001c1ed0
001c1f90	FUN_001c1f90
001c2018	FUN_001c2018
001c2168	FUN_001c2168
001c21a0	SelectLodMesh
001c2220	FUN_001c2220
001c2270	FUN_001c2270
001c2330	FUN_001c2330
001c2408	FUN_001c2408
001c25a8	FUN_001c25a8
001c29a8	FUN_001c29a8
001c2da8	FUN_001c2da8
001c3008	FUN_001c3008
001c31a8	FUN_001c31a8
001c35a8	FUN_001c35a8
001c3800	FUN_001c3800
001c3a58	FUN_001c3a58
001c3cb0	FUN_001c3cb0
001c3f08	FUN_001c3f08
001c3fb0	FUN_001c3fb0
001c4050	FUN_001c4050
001c40f8	FUN_001c40f8
001c41b0	FUN_001c41b0
001c42b0	FUN_001c42b0
001c4358	FUN_001c4358
001c4410	FUN_001c4410
001c44b8	FUN_001c44b8
001c4570	FUN_001c4570
001c4618	FUN_001c4618
001c46d0	FUN_001c46d0
001c4778	FUN_001c4778
001c4830	FUN_001c4830
001c48d8	FUN_001c48d8
001c4990	FUN_001c4990
001c4a38	FUN_001c4a38
001c4af0	FUN_001c4af0
001c4b98	FUN_001c4b98
001c4c50	FUN_001c4c50
001c4e70	FUN_001c4e70
001c5040	FUN_001c5040
001c52b8	FUN_001c52b8
001c53c8	FUN_001c53c8
001c54d8	FUN_001c54d8
001c56e0	FUN_001c56e0
001c5918	FUN_001c5918
001c5ab0	FUN_001c5ab0
001c5cb8	FUN_001c5cb8
001c5f80	FUN_001c5f80
001c5fd0	TextureExists?
001c6090	GetTexture
001c6168	FUN_001c6168
001c61b8	FUN_001c61b8
001c6278	FUN_001c6278
001c6350	FUN_001c6350
001c63a0	FUN_001c63a0
001c6460	FUN_001c6460
001c6538	FUN_001c6538
001c6588	FUN_001c6588
001c6648	FUN_001c6648
001c6720	FUN_001c6720
001c6770	FUN_001c6770
001c6830	FUN_001c6830
001c6908	FUN_001c6908
001c6958	FUN_001c6958
001c6a18	FUN_001c6a18
001c6af0	FUN_001c6af0
001c6b40	FUN_001c6b40
001c6c00	FUN_001c6c00
001c6cd8	FUN_001c6cd8
001c6d28	FUN_001c6d28
001c6de8	FUN_001c6de8
001c6ec0	FUN_001c6ec0
001c6f68	FUN_001c6f68
001c7008	FUN_001c7008
001c70a8	FUN_001c70a8
001c7148	FUN_001c7148
001c71e8	FUN_001c71e8
001c7288	FUN_001c7288
001c7328	FUN_001c7328
001c73d8	FUN_001c73d8
001c74a0	FUN_001c74a0
001c75a0	FUN_001c75a0
001c75c0	FUN_001c75c0
001c7628	ReadBaseLight
001c7710	FUN_001c7710
001c7778	CreateChunkLightController
001c78b0	FUN_001c78b0
001c7b00	FUN_001c7b00
001c7d50	FUN_001c7d50
001c7f50	FUN_001c7f50
001c8550	ReadSceneryLights
001c8750	FUN_001c8750
001c87b0	FUN_001c87b0
001c8b78	FUN_001c8b78
001c8f18	FUN_001c8f18
001c9130	FUN_001c9130
001c9328	FUN_001c9328
001c9668	FUN_001c9668
001c97d8	FUN_001c97d8
001ca250	FUN_001ca250
001ca788	FUN_001ca788
001caba0	FUN_001caba0
001cad10	FUN_001cad10
001cb048	FUN_001cb048
001cb158	FUN_001cb158
001cb2d8	FUN_001cb2d8
001cb420	FUN_001cb420
001cb470	FUN_001cb470
001cb488	FUN_001cb488
001cb4a0	FUN_001cb4a0
001cb4b0	FUN_001cb4b0
001cb4b8	FUN_001cb4b8
001cb4c8	FUN_001cb4c8
001cb4f8	FUN_001cb4f8
001cb508	FUN_001cb508
001cb540	FUN_001cb540
001cb578	FUN_001cb578
001cb5b0	FUN_001cb5b0
001cb5c0	FUN_001cb5c0
001cb610	FUN_001cb610
001cb630	ReadDirectionalLight
001cb698	FUN_001cb698
001cb6d0	FUN_001cb6d0
001cb6e0	FUN_001cb6e0
001cb738	FUN_001cb738
001cb748	FUN_001cb748
001cb8b0	FUN_001cb8b0
001cb8b8	FUN_001cb8b8
001cb968	FUN_001cb968
001cb9a8	ReadPointLight
001cb9f0	FUN_001cb9f0
001cbaf0	FUN_001cbaf0
001cbbf0	FUN_001cbbf0
001cbc40	FUN_001cbc40
001cbca0	FUN_001cbca0
001cbd18	ReadNegativeLight
001cbde0	FUN_001cbde0
001cbe80	FUN_001cbe80
001cbf28	FUN_001cbf28
001cbf30	FUN_001cbf30
001cbf58	FUN_001cbf58
001cbf90	FUN_001cbf90
001cc018	FUN_001cc018
001cc0a0	FUN_001cc0a0
001cc0f0	FUN_001cc0f0
001cc158	FUN_001cc158
001cc1c0	FUN_001cc1c0
001cc2c8	FUN_001cc2c8
001cc310	FUN_001cc310
001cc3f8	FUN_001cc3f8
001cc460	FUN_001cc460
001cc4e0	FUN_001cc4e0
001cc518	GetNodeIndex
001cc520	FUN_001cc520
001cc528	InitUnkNode
001cc590	FUN_001cc590
001cc640	FUN_001cc640
001cc6c0	FUN_001cc6c0
001cc748	FUN_001cc748
001cc790	FUN_001cc790
001cc940	FUN_001cc940
001ccaf0	ShadowTypeToIndex
001ccbb8	FUN_001ccbb8
001ccc38	FUN_001ccc38
001cccf0	FUN_001cccf0
001ccd10	InitVU_Programs
001ccf08	PutProgramIntoDMAPipeline
001cd070	InitPrecompiledShaderBase
001cd208	FUN_001cd208
001cd550	ShadersEqual
001cd710	ReadBasePrecompShader?
001ce0b0	FUN_001ce0b0
001ce4a0	FUN_001ce4a0
001ce860	FUN_001ce860
001cec20	FUN_001cec20
001cef08	FUN_001cef08
001cf2a0	FUN_001cf2a0
001cf450	FUN_001cf450
001cf5e8	FUN_001cf5e8
001cf8a0	FUN_001cf8a0
001cfc88	FUN_001cfc88
001cff80	SetShaderSettings
001d0368	FUN_001d0368
001d0650	FUN_001d0650
001d0a38	FUN_001d0a38
001d0d20	FUN_001d0d20
001d10f0	FUN_001d10f0
001d14b0	FUN_001d14b0
001d1948	FUN_001d1948
001d1cf0	FUN_001d1cf0
001d2058	FUN_001d2058
001d24d8	FUN_001d24d8
001d2848	FUN_001d2848
001d2b88	FUN_001d2b88
001d2f70	FUN_001d2f70
001d3258	FUN_001d3258
001d3640	FUN_001d3640
001d3928	FUN_001d3928
001d3d10	FUN_001d3d10
001d3ff8	FUN_001d3ff8
001d43e0	FUN_001d43e0
001d46c8	FUN_001d46c8
001d4a88	FUN_001d4a88
001d4d70	FUN_001d4d70
001d5158	FUN_001d5158
001d5440	FUN_001d5440
001d5830	FUN_001d5830
001d5db8	FUN_001d5db8
001d6130	FUN_001d6130
001d6720	FUN_001d6720
001d6aa8	FUN_001d6aa8
001d6fb8	FUN_001d6fb8
001d7378	FUN_001d7378
001d7590	FUN_001d7590
001d7978	FUN_001d7978
001d7b90	FUN_001d7b90
001d8370	FUN_001d8370
001d8758	FUN_001d8758
001d8970	FUN_001d8970
001d8d30	FUN_001d8d30
001d9018	FUN_001d9018
001d9068	GetShaderSettings
001d9270	FUN_001d9270
001d9278	InitPrecompiledShaderType1
001d92a0	FUN_001d92a0
001d9330	FUN_001d9330
001d9338	SetShaderType
001d9348	FUN_001d9348
001d9360	FUN_001d9360
001d93f0	FUN_001d93f0
001d93f8	FUN_001d93f8
001d9400	FUN_001d9400
001d9408	FUN_001d9408
001d9420	FUN_001d9420
001d94e8	FUN_001d94e8
001d95a8	FUN_001d95a8
001d9638	FUN_001d9638
001d9640	FUN_001d9640
001d9668	FUN_001d9668
001d9728	FUN_001d9728
001d97e8	FUN_001d97e8
001d98a8	FUN_001d98a8
001d9968	FUN_001d9968
001d9a00	FUN_001d9a00
001d9a28	FUN_001d9a28
001d9ac8	FUN_001d9ac8
001d9ae0	FUN_001d9ae0
001d9b88	FUN_001d9b88
001d9bb0	FUN_001d9bb0
001d9c58	FUN_001d9c58
001d9c80	FUN_001d9c80
001d9d10	FUN_001d9d10
001d9d28	FUN_001d9d28
001d9d58	FUN_001d9d58
001d9e00	FUN_001d9e00
001d9e20	FUN_001d9e20
001d9eb8	FUN_001d9eb8
001d9ed8	FUN_001d9ed8
001d9f70	FUN_001d9f70
001d9f90	FUN_001d9f90
001da028	FUN_001da028
001da050	FUN_001da050
001da0f8	FUN_001da0f8
001da130	FUN_001da130
001da158	FUN_001da158
001da1f8	FUN_001da1f8
001da220	FUN_001da220
001da2b8	FUN_001da2b8
001da2e8	FUN_001da2e8
001da2f0	FUN_001da2f0
001da318	FUN_001da318
001da3c0	FUN_001da3c0
001da3f8	FUN_001da3f8
001da420	FUN_001da420
001da4b8	FUN_001da4b8
001da4e0	FUN_001da4e0
001da578	FUN_001da578
001da5a0	FUN_001da5a0
001da638	FUN_001da638
001da660	FUN_001da660
001da708	FUN_001da708
001da718	ResetVuPrograms
001da758	FUN_001da758
001da780	RegisterVU_Program
001da7f0	PutVUProgramsIntoDMAPipeline
001da880	EnsureVuProgramUploaded
001da918	FUN_001da918
001da9e0	FUN_001da9e0
001daa68	FUN_001daa68
001daaa8	FUN_001daaa8
001dab00	FUN_001dab00
001dab30	FUN_001dab30
001dab50	FUN_001dab50
001dabe0	FUN_001dabe0
001dabe8	FUN_001dabe8
001dabf8	FUN_001dabf8
001dac10	FUN_001dac10
001dac18	FUN_001dac18
001dac38	FUN_001dac38
001dac68	ReadPrecompShaderType_0x14
001dac88	FUN_001dac88
001dade0	FUN_001dade0
001dae00	FUN_001dae00
001dae30	ReadPrecompShaderType_0x13?
001dae68	FUN_001dae68
001daee0	ReadPrecompShaderType_0xC
001daf00	FUN_001daf00
001daf78	ReadPrecompShaderType_0xD
001daf98	FUN_001daf98
001db010	FUN_001db010
001db098	FUN_001db098
001db110	FUN_001db110
001db238	FUN_001db238
001db268	FUN_001db268
001db2b8	FUN_001db2b8
001db2e8	FUN_001db2e8
001db350	FUN_001db350
001db460	FUN_001db460
001db480	FUN_001db480
001db4f8	FUN_001db4f8
001db518	FUN_001db518
001db548	ReadPrecompShaderType_0x1F
001db568	FUN_001db568
001db5e0	FUN_001db5e0
001db600	FUN_001db600
001db630	ReadPrecompShaderType_0x2?
001db650	FUN_001db650
001db6c8	FUN_001db6c8
001db6e8	FUN_001db6e8
001db718	ReadPrecompShaderType_0x15
001db738	FUN_001db738
001db740	FUN_001db740
001db748	FUN_001db748
001db768	FUN_001db768
001db798	ReadPrecompShaderType_0x0
001db7b8	FUN_001db7b8
001db910	FUN_001db910
001db930	FUN_001db930
001db960	ReadPrecompShaderType_0x12
001db980	FUN_001db980
001db9f8	FUN_001db9f8
001dba80	FUN_001dba80
001dbab0	FUN_001dbab0
001dbb48	FUN_001dbb48
001dbb78	ReadPrecompShaderType_0x1A
001dbc30	FUN_001dbc30
001dbca8	FUN_001dbca8
001dbd30	FUN_001dbd30
001dbd60	FUN_001dbd60
001dbdc8	FUN_001dbdc8
001dbdf8	ReadPrecompShaderType_0x17
001dbe80	FUN_001dbe80
001dbef8	FUN_001dbef8
001dbf18	FUN_001dbf18
001dbf48	ReadPrecompShaderType_0x19
001dbf68	FUN_001dbf68
001dbfe0	FUN_001dbfe0
001dc000	FUN_001dc000
001dc030	ReadPrecompShaderType_0x16
001dc050	FUN_001dc050
001dc0c8	FUN_001dc0c8
001dc0e8	FUN_001dc0e8
001dc118	ReadPrecompShaderType_0x1E
001dc138	FUN_001dc138
001dc1b0	FUN_001dc1b0
001dc1d0	FUN_001dc1d0
001dc200	ReadPrecompShaderType_0x1B
001dc220	FUN_001dc220
001dc2b0	FUN_001dc2b0
001dc2b8	FUN_001dc2b8
001dc2c8	FUN_001dc2c8
001dc2e0	FUN_001dc2e0
001dc300	FUN_001dc300
001dc330	ReadPrecompShaderType_0xE
001dc350	FUN_001dc350
001dc3c8	FUN_001dc3c8
001dc3e8	FUN_001dc3e8
001dc418	ReadPrecompShaderType_0x1?
001dc438	FUN_001dc438
001dc4f8	FUN_001dc4f8
001dc518	FUN_001dc518
001dc548	FUN_001dc548
001dc568	FUN_001dc568
001dc5e0	ReadPrecompShaderType_0x10
001dc630	FUN_001dc630
001dc660	FUN_001dc660
001dc698	FUN_001dc698
001dc6c8	FUN_001dc6c8
001dc740	FUN_001dc740
001dc790	FUN_001dc790
001dc7c8	FUN_001dc7c8
001dc7f8	FUN_001dc7f8
001dc988	ReadPrecompShaderType_0xB
001dc9a8	FUN_001dc9a8
001dca48	FUN_001dca48
001dcb08	FUN_001dcb08
001dcb38	FUN_001dcb38
001dcb58	FUN_001dcb58
001dcb78	FUN_001dcb78
001dcc20	FUN_001dcc20
001dcc50	FUN_001dcc50
001dcc70	FUN_001dcc70
001dcc90	FUN_001dcc90
001dcd38	FUN_001dcd38
001dcd68	FUN_001dcd68
001dcd88	FUN_001dcd88
001dcda8	FUN_001dcda8
001dce50	FUN_001dce50
001dce80	FUN_001dce80
001dcea0	FUN_001dcea0
001dcf40	FUN_001dcf40
001dd000	FUN_001dd000
001dd030	FUN_001dd030
001dd050	FUN_001dd050
001dd070	FUN_001dd070
001dd0e8	ReadPrecompShaderType_0xF
001dd108	FUN_001dd108
001dd180	FUN_001dd180
001dd1a0	FUN_001dd1a0
001dd1d0	ReadPrecompShaderType_0x20
001dd1f0	FUN_001dd1f0
001dd268	ReadPrecompShaderType_0x11
001dd2b8	FUN_001dd2b8
001dd2e8	FUN_001dd2e8
001dd320	FUN_001dd320
001dd350	FUN_001dd350
001dd3c8	FUN_001dd3c8
001dd3e8	FUN_001dd3e8
001dd418	ReadPrecompShaderType_0x4
001dd438	FUN_001dd438
001dd4b0	ReadPrecompShaderType_0xA
001dd4d0	FUN_001dd4d0
001dd4f0	FUN_001dd4f0
001dd640	FUN_001dd640
001dd730	FUN_001dd730
001dddd0	FUN_001dddd0
001ddff0	FUN_001ddff0
001de2a0	FUN_001de2a0
001de488	FUN_001de488
001dea10	FUN_001dea10
001debc0	FUN_001debc0
001dee98	FUN_001dee98
001df178	FUN_001df178
001df3c8	FUN_001df3c8
001df5a0	GetSoundAddress
001df670	FUN_001df670
001df7b0	FUN_001df7b0
001df8f0	FUN_001df8f0
001dfa38	FUN_001dfa38
001dfbc0	FUN_001dfbc0
001dfde8	FUN_001dfde8
001dff30	FUN_001dff30
001e0368	FUN_001e0368
001e0560	FUN_001e0560
001e0768	FUN_001e0768
001e0940	FUN_001e0940
001e0a20	FUN_001e0a20
001e0fd0	FUN_001e0fd0
001e10f8	FUN_001e10f8
001e14b8	FUN_001e14b8
001e1730	FUN_001e1730
001e1978	FUN_001e1978
001e1b40	CommitSoundCommand
001e1c90	FUN_001e1c90
001e2078	FUN_001e2078
001e2310	FUN_001e2310
001e2438	FUN_001e2438
001e25a0	FUN_001e25a0
001e26d8	FUN_001e26d8
001e30e8	FUN_001e30e8
001e32d0	FUN_001e32d0
001e3540	FUN_001e3540
001e3670	FUN_001e3670
001e3760	FUN_001e3760
001e3860	FUN_001e3860
001e3a98	FUN_001e3a98
001e3d10	FUN_001e3d10
001e3e18	FUN_001e3e18
001e3f58	FUN_001e3f58
001e4380	FUN_001e4380
001e44f0	FUN_001e44f0
001e4610	FUN_001e4610
001e47c8	FUN_001e47c8
001e48f0	FUN_001e48f0
001e4a70	FUN_001e4a70
001e4c30	FUN_001e4c30
001e4d50	FUN_001e4d50
001e4f70	FUN_001e4f70
001e50a0	FUN_001e50a0
001e51d0	FUN_001e51d0
001e5370	FUN_001e5370
001e5410	FUN_001e5410
001e5498	FUN_001e5498
001e5528	FUN_001e5528
001e5580	FUN_001e5580
001e5608	FUN_001e5608
001e5638	FUN_001e5638
001e5710	FUN_001e5710
001e57b8	FUN_001e57b8
001e57d8	FUN_001e57d8
001e5858	FUN_001e5858
001e58f8	FUN_001e58f8
001e5950	FUN_001e5950
001e59b0	FUN_001e59b0
001e5a20	FUN_001e5a20
001e5a68	FUN_001e5a68
001e5aa0	FUN_001e5aa0
001e5ad8	FUN_001e5ad8
001e5b08	FUN_001e5b08
001e5bb0	FUN_001e5bb0
001e5bd0	FUN_001e5bd0
001e5c50	FUN_001e5c50
001e5c68	FUN_001e5c68
001e5d10	FUN_001e5d10
001e5d98	FUN_001e5d98
001e5e78	FUN_001e5e78
001e5f00	PlaySound?
001e5fa8	FUN_001e5fa8
001e6068	FUN_001e6068
001e6080	FUN_001e6080
001e60b0	FUN_001e60b0
001e6108	FUN_001e6108
001e6138	FUN_001e6138
001e6298	FUN_001e6298
001e6398	FUN_001e6398
001e63e0	FUN_001e63e0
001e6498	FUN_001e6498
001e64f0	FUN_001e64f0
001e6580	FUN_001e6580
001e65e0	FUN_001e65e0
001e6600	FUN_001e6600
001e6620	FUN_001e6620
001e66a8	FUN_001e66a8
001e6778	FUN_001e6778
001e6838	FUN_001e6838
001e6880	FUN_001e6880
001e68a8	FUN_001e68a8
001e68c0	FUN_001e68c0
001e6920	FUN_001e6920
001e6988	FUN_001e6988
001e69c0	FUN_001e69c0
001e6a10	FUN_001e6a10
001e6a70	FUN_001e6a70
001e6a98	FUN_001e6a98
001e6ac0	FUN_001e6ac0
001e6b38	FUN_001e6b38
001e6b58	FUN_001e6b58
001e6c20	StartMusicFade
001e6c90	FUN_001e6c90
001e6cd0	FUN_001e6cd0
001e6d48	FUN_001e6d48
001e6e10	FUN_001e6e10
001e6e30	FUN_001e6e30
001e6e78	FUN_001e6e78
001e6fc0	FUN_001e6fc0
001e7060	FUN_001e7060
001e70f8	fBufferReceiverFromUnkRPC_Call
001e7138	FUN_001e7138
001e7230	FUN_001e7230
001e7280	FUN_001e7280
001e72e0	FUN_001e72e0
001e73b8	FUN_001e73b8
001e74c0	FUN_001e74c0
001e7560	FUN_001e7560
001e75a8	FUN_001e75a8
001e75f0	FUN_001e75f0
001e7638	FUN_001e7638
001e7718	FUN_001e7718
001e77b8	FUN_001e77b8
001e7860	FUN_001e7860
001e7880	FUN_001e7880
001e7920	FUN_001e7920
001e7a20	FUN_001e7a20
001e7aa8	FUN_001e7aa8
001e7b40	FUN_001e7b40
001e7c10	FUN_001e7c10
001e7c38	FUN_001e7c38
001e7cd0	FUN_001e7cd0
001e7d68	FUN_001e7d68
001e7df8	FUN_001e7df8
001e7e88	FUN_001e7e88
001e7ed0	FUN_001e7ed0
001e7f18	FUN_001e7f18
001e7f48	FUN_001e7f48
001e7f90	FUN_001e7f90
001e8080	FUN_001e8080
001e8120	FUN_001e8120
001e81d0	Increment_0x309FA8
001e81f0	FUN_001e81f0
001e8228	FUN_001e8228
001e82c0	FUN_001e82c0
001e8358	FUN_001e8358
001e83a0	FUN_001e83a0
001e8448	FUN_001e8448
001e84c8	FUN_001e84c8
001e84e0	FUN_001e84e0
001e8560	FUN_001e8560
001e8620	FUN_001e8620
001e8678	FUN_001e8678
001e8710	FUN_001e8710
001e8780	FUN_001e8780
001e88b8	FUN_001e88b8
001e8910	FUN_001e8910
001e8928	GetData_0x309EA0
001e8968	FUN_001e8968
001e89e0	FUN_001e89e0
001e89f8	UnknownDebugFunction?
001e8a00	UnkDebugFunction2
001e8a08	FUN_001e8a08
001e8a70	FUN_001e8a70
001e8ab8	FUN_001e8ab8
001e8ae0	FUN_001e8ae0
001e8b58	FUN_001e8b58
001e8b80	FUN_001e8b80
001e8bf8	FUN_001e8bf8
001e8c70	FUN_001e8c70
001e8ce8	FUN_001e8ce8
001e8d38	FUN_001e8d38
001e8d88	FUN_001e8d88
001e8e38	FUN_001e8e38
001e8ee8	FUN_001e8ee8
001e8f08	FUN_001e8f08
001e90a0	FUN_001e90a0
001e91f8	FUN_001e91f8
001e93a0	FUN_001e93a0
001e9418	ComputeSceneryCellIndex
001e94e0	FUN_001e94e0
001e9678	FUN_001e9678
001e97a8	FUN_001e97a8
001e98f8	FUN_001e98f8
001e9a60	FUN_001e9a60
001e9b08	FUN_001e9b08
001e9c78	ReadSceneryBase
001e9d60	FUN_001e9d60
001e9df8	FUN_001e9df8
001e9e90	FUN_001e9e90
001e9f48	FUN_001e9f48
001ea138	FUN_001ea138
001ea1f0	FUN_001ea1f0
001ea2d8	FUN_001ea2d8
001ea3a8	FUN_001ea3a8
001ea530	FUN_001ea530
001ea720	FUN_001ea720
001ea978	FUN_001ea978
001ea9d0	FUN_001ea9d0
001eac90	FUN_001eac90
001eae50	FUN_001eae50
001eb0b0	FUN_001eb0b0
001eb250	FUN_001eb250
001eb400	FUN_001eb400
001eb468	RebuildCollisionMatrices
001eb570	CopyMatrixAtIndex
001eb6a0	FUN_001eb6a0
001eb7b0	RegisterInstanceWithScenery
001eb8e8	ComputeInstanceBoundingBox
001eb9f8	GetCollisionData
001ebb40	FUN_001ebb40
001ebbf8	FUN_001ebbf8
001ebe00	FUN_001ebe00
001ec068	ReadScenery_Type_0x1600
001ec250	FUN_001ec250
001ec3a0	FUN_001ec3a0
001ec470	FUN_001ec470
001ec6c8	FUN_001ec6c8
001ec858	FUN_001ec858
001ec968	FUN_001ec968
001ecae0	FUN_001ecae0
001ecc60	FUN_001ecc60
001ecd30	FUN_001ecd30
001ece30	CreateChunkData
001ecfc0	FUN_001ecfc0
001ed188	FUN_001ed188
001ed2e8	FUN_001ed2e8
001ed468	FUN_001ed468
001ed5d8	ReadScenery
001ed750	ForEachInstanceInVolume
001ed838	FUN_001ed838
001ed918	FUN_001ed918
001edaf8	FUN_001edaf8
001edbd8	FUN_001edbd8
001ede20	FUN_001ede20
001edf40	FUN_001edf40
001ee130	FUN_001ee130
001ee290	FUN_001ee290
001ee390	FUN_001ee390
001ee6c8	RenderDynamicScenery?
001ee8c0	RenderDynamicSceneryCulled
001eeac0	FUN_001eeac0
001eec40	RenderScenery?
001eee88	FUN_001eee88
001ef018	FUN_001ef018
001ef0c0	FUN_001ef0c0
001ef250	FUN_001ef250
001ef280	FUN_001ef280
001ef2b8	FUN_001ef2b8
001ef2c0	FUN_001ef2c0
001ef2e0	FUN_001ef2e0
001ef330	FUN_001ef330
001ef338	FUN_001ef338
001ef350	FUN_001ef350
001ef370	FUN_001ef370
001ef410	FUN_001ef410
001ef4a0	FUN_001ef4a0
001ef550	FUN_001ef550
001ef5f0	FUN_001ef5f0
001ef660	FUN_001ef660
001ef6d8	FUN_001ef6d8
001ef730	FUN_001ef730
001ef7e0	FUN_001ef7e0
001ef880	FUN_001ef880
001ef920	FUN_001ef920
001ef9d8	FUN_001ef9d8
001efa08	FUN_001efa08
001efa60	FUN_001efa60
001efae0	FUN_001efae0
001efae8	FUN_001efae8
001efb40	FUN_001efb40
001efbe8	LoadSceneryType
001efc18	FUN_001efc18
001efc50	FUN_001efc50
001efc88	FUN_001efc88
001efcd0	FUN_001efcd0
001efce8	FUN_001efce8
001efd08	FUN_001efd08
001efdd8	FUN_001efdd8
001efe78	FUN_001efe78
001eff30	FUN_001eff30
001f0058	FUN_001f0058
001f00b8	FUN_001f00b8
001f00e0	FUN_001f00e0
001f0130	FUN_001f0130
001f0160	FUN_001f0160
001f01d0	FUN_001f01d0
001f0260	FUN_001f0260
001f0348	FUN_001f0348
001f0358	FUN_001f0358
001f03a0	FUN_001f03a0
001f03d0	FUN_001f03d0
001f0400	FUN_001f0400
001f0458	SetCollisionQueryContext
001f0478	FUN_001f0478
001f04c8	FUN_001f04c8
001f05b8	FUN_001f05b8
001f0690	FUN_001f0690
001f0698	GetChildrenAmount
001f06a0	GetSceneryChildren
001f06a8	FUN_001f06a8
001f06b8	FUN_001f06b8
001f06f0	FUN_001f06f0
001f0748	InitCollisionInformation?
001f07a8	FUN_001f07a8
001f0830	GetCollisionModelId
001f0870	FUN_001f0870
001f08f8	SetBoxCollision
001f09a8	FUN_001f09a8
001f0a78	SetCollisionWorldMatrix
001f0af8	RefreshInstanceCollisionBinding
001f0ba8	FUN_001f0ba8
001f0c48	GetAmountOfBBoxes
001f0cc8	GetCollisionDataAtInstance
001f0d30	FUN_001f0d30
001f0dc8	FUN_001f0dc8
001f0e78	ReallocCollisionMatrixValues
001f0ec0	FUN_001f0ec0
001f0f68	FUN_001f0f68
001f1028	FUN_001f1028
001f1068	FUN_001f1068
001f10f8	FUN_001f10f8
001f1140	FUN_001f1140
001f11b0	FUN_001f11b0
001f1230	FUN_001f1230
001f12c8	FUN_001f12c8
001f1358	FUN_001f1358
001f13b8	FUN_001f13b8
001f1408	ReadSceneryRoot
001f1468	LoadLoadWall
001f14c0	FUN_001f14c0
001f14f0	FUN_001f14f0
001f1518	FUN_001f1518
001f1568	FUN_001f1568
001f15f8	GetChunkListData?
001f1638	InitChunkListData?
001f1648	FUN_001f1648
001f1678	FUN_001f1678
001f16e8	GetChunkData?
001f1750	FUN_001f1750
001f17c8	FUN_001f17c8
001f18a0	FUN_001f18a0
001f1908	FUN_001f1908
001f1968	FUN_001f1968
001f1a10	FUN_001f1a10
001f1a80	FUN_001f1a80
001f1b28	FUN_001f1b28
001f1b60	FUN_001f1b60
001f1bc8	FUN_001f1bc8
001f1c10	FUN_001f1c10
001f1c70	FUN_001f1c70
001f1ca8	GetOrCreateChunkDataContext
001f1cf0	FUN_001f1cf0
001f1d40	FUN_001f1d40
001f1d78	FUN_001f1d78
001f1dc0	FUN_001f1dc0
001f1e08	FUN_001f1e08
001f1e40	ForEachInstanceInChunk
001f1ed0	ChunkQueryNearestInstance
001f1f08	ChunkBroadcastToInstances
001f1f58	ForEachInstanceOverlappingModel
001f2080	FUN_001f2080
001f20d0	AddInstanceToChunk
001f2188	FUN_001f2188
001f2240	FUN_001f2240
001f22a0	FUN_001f22a0
001f22d0	FUN_001f22d0
001f2380	FUN_001f2380
001f2450	FUN_001f2450
001f2480	FUN_001f2480
001f24c8	FUN_001f24c8
001f2500	FUN_001f2500
001f2560	FUN_001f2560
001f25c0	FUN_001f25c0
001f25f8	FUN_001f25f8
001f2670	FUN_001f2670
001f2780	FUN_001f2780
001f27b0	FUN_001f27b0
001f27e0	FUN_001f27e0
001f2810	FUN_001f2810
001f2948	FUN_001f2948
001f2a48	FUN_001f2a48
001f2b30	FUN_001f2b30
001f2b60	FUN_001f2b60
001f2b90	FUN_001f2b90
001f2bc0	FUN_001f2bc0
001f2cf8	FUN_001f2cf8
001f2df8	FUN_001f2df8
001f2ee0	FUN_001f2ee0
001f2f10	FUN_001f2f10
001f2f70	FUN_001f2f70
001f2fa0	FUN_001f2fa0
001f2fd0	FUN_001f2fd0
001f3108	FUN_001f3108
001f3208	FUN_001f3208
001f32f0	FUN_001f32f0
001f3320	FUN_001f3320
001f33d8	FUN_001f33d8
001f3408	FUN_001f3408
001f3478	FUN_001f3478
001f34a8	FUN_001f34a8
001f3540	FUN_001f3540
001f3658	InitSceneryBase
001f36d0	ClearSceneryChildren
001f3750	FUN_001f3750
001f37c8	FUN_001f37c8
001f3890	FUN_001f3890
001f39a8	FUN_001f39a8
001f3a50	FUN_001f3a50
001f3b18	FUN_001f3b18
001f3c20	FUN_001f3c20
001f3d30	FUN_001f3d30
001f3e00	FUN_001f3e00
001f3ed8	FUN_001f3ed8
001f3fa0	FUN_001f3fa0
001f3fe8	UnloadChunk?
001f4108	FUN_001f4108
001f4128	StringsNotEqual
001f4198	FUN_001f4198
001f41d8	FUN_001f41d8
001f4218	FUN_001f4218
001f4290	FUN_001f4290
001f42c8	FUN_001f42c8
001f4300	FUN_001f4300
001f43b0	FUN_001f43b0
001f4460	FUN_001f4460
001f44d0	FUN_001f44d0
001f4540	FUN_001f4540
001f4560	InitChunkSm2Loader
001f45c0	FUN_001f45c0
001f4750	FUN_001f4750
001f47e8	FUN_001f47e8
001f4870	StartLoadingSM2
001f4998	FUN_001f4998
001f4a40	LoadSM2
001f4bc0	InitRefCountersStorage
001f4cd0	FUN_001f4cd0
001f4ec0	FUN_001f4ec0
001f5428	FUN_001f5428
001f5520	TestPointInFrustum
001f55e0	FUN_001f55e0
001f5748	FUN_001f5748
001f57f8	FUN_001f57f8
001f5800	FUN_001f5800
001f5838	FUN_001f5838
001f58b0	FUN_001f58b0
001f5920	FUN_001f5920
001f5950	FUN_001f5950
001f59d0	FUN_001f59d0
001f5a18	FUN_001f5a18
001f5a70	FUN_001f5a70
001f5aa8	FUN_001f5aa8
001f5ae8	FUN_001f5ae8
001f5bb8	CreateSM2
001f5c30	FUN_001f5c30
001f5cb0	GetSubSectionsAmount_SM2
001f5cb8	FUN_001f5cb8
001f5cc0	FUN_001f5cc0
001f5cd0	GetSm2ItemSectionReader
001f5d50	FUN_001f5d50
001f5db8	FUN_001f5db8
001f5e58	FUN_001f5e58
001f5ed8	FUN_001f5ed8
001f5fa0	FUN_001f5fa0
001f5fa8	FUN_001f5fa8
001f6028	InitBaseTriggerNode
001f60d0	FUN_001f60d0
001f6160	FUN_001f6160
001f61a8	FUN_001f61a8
001f6208	FUN_001f6208
001f6298	FUN_001f6298
001f62f0	InitChunkRenderer
001f6330	InitChunkRendererBase
001f6368	FUN_001f6368
001f6398	FUN_001f6398
001f63b0	ResetChunkRendererState
001f6430	FUN_001f6430
001f6460	FUN_001f6460
001f64a0	FUN_001f64a0
001f64c0	FUN_001f64c0
001f6510	FUN_001f6510
001f6548	FUN_001f6548
001f65e0	FUN_001f65e0
001f6640	FUN_001f6640
001f66a8	FUN_001f66a8
001f66d8	ReadVuTransformResult
001f6700	FUN_001f6700
001f6720	FUN_001f6720
001f6740	ReadClipFlags
001f6778	VuTestBoundingBox
001f67b8	FUN_001f67b8
001f6838	FUN_001f6838
001f6880	FUN_001f6880
001f68b8	FUN_001f68b8
001f68d8	FUN_001f68d8
001f6ad8	MakeBoundsFromSegment
001f6c00	FUN_001f6c00
001f6da0	FUN_001f6da0
001f6ed8	FUN_001f6ed8
001f6fc0	FUN_001f6fc0
001f70f8	FUN_001f70f8
001f73d8	FUN_001f73d8
001f7458	FUN_001f7458
001f7510	FUN_001f7510
001f7778	FUN_001f7778
001f7d98	FUN_001f7d98
001f7ec8	FUN_001f7ec8
001f8100	FUN_001f8100
001f8248	FUN_001f8248
001f8390	FUN_001f8390
001f85d0	FUN_001f85d0
001f8708	FUN_001f8708
001f8910	FUN_001f8910
001f8a90	FUN_001f8a90
001f8db0	BoundingBoxesOverlap
001f8e58	FUN_001f8e58
001f8f00	FUN_001f8f00
001f8f98	FUN_001f8f98
001f9060	FUN_001f9060
001f9118	FUN_001f9118
001f97e8	FUN_001f97e8
001f9c10	FUN_001f9c10
001fa170	CreateBBoxFromModelMatrix
001fa308	FUN_001fa308
001fa4b0	FUN_001fa4b0
001fa640	FUN_001fa640
001fa770	FUN_001fa770
001fa888	FUN_001fa888
001fa9d0	FUN_001fa9d0
001fabc8	FUN_001fabc8
001faf60	FUN_001faf60
001fb0c8	FUN_001fb0c8
001fb380	FUN_001fb380
001fb740	FUN_001fb740
001fb988	FUN_001fb988
001fbbe0	FUN_001fbbe0
001fbef8	CreateBBOX
001fc2b0	FUN_001fc2b0
001fc4d0	FUN_001fc4d0
001fc6a8	FUN_001fc6a8
001fc840	FUN_001fc840
001fcb08	RayPlaneIntersect
001fcc00	FUN_001fcc00
001fcfa8	FUN_001fcfa8
001fd908	FUN_001fd908
001fdc30	FUN_001fdc30
001fdde0	FUN_001fdde0
001fdef0	FUN_001fdef0
001fdf90	FUN_001fdf90
001fe290	FUN_001fe290
001fe358	FUN_001fe358
001fe4d0	FUN_001fe4d0
001fe640	DoDynamicSceneryAnimation
001fed78	LoadDynamicScenery
001ff110	FUN_001ff110
001ff230	FUN_001ff230
001ff248	FUN_001ff248
001ff288	FUN_001ff288
001ff2e0	FUN_001ff2e0
001ff2e8	FUN_001ff2e8
001ff2f8	FUN_001ff2f8
001ff360	FUN_001ff360
001ff3c8	FUN_001ff3c8
001ff448	FUN_001ff448
001ff4c0	FUN_001ff4c0
001ff4d8	FUN_001ff4d8
001ff5b8	FUN_001ff5b8
001ff5d0	FUN_001ff5d0
001ff610	FUN_001ff610
001ff638	FUN_001ff638
001ff668	FUN_001ff668
001ff698	FUN_001ff698
001ff6a0	FUN_001ff6a0
001ff6a8	FUN_001ff6a8
001ff6b0	FUN_001ff6b0
001ff6d0	FUN_001ff6d0
001ff790	FUN_001ff790
001ff868	FUN_001ff868
001ff908	FUN_001ff908
001ff998	FUN_001ff998
001ff9a0	FUN_001ff9a0
001ffa80	FUN_001ffa80
001ffa88	FUN_001ffa88
001ffae8	FUN_001ffae8
001ffb18	FUN_001ffb18
001ffbd0	FUN_001ffbd0
001ffcd8	FUN_001ffcd8
001ffd28	FUN_001ffd28
001ffd58	FUN_001ffd58
001ffe00	FUN_001ffe00
001ffe08	FUN_001ffe08
001ffea8	MergeBBox
001fff48	CreateDefaultBBox
001fff90	FUN_001fff90
001fffb0	FUN_001fffb0
00200008	GetMaxCoordDistInBB
00200088	ExpandBoundingBox
002000e0	FUN_002000e0
00200148	FUN_00200148
00200180	FUN_00200180
002002c0	FUN_002002c0
00200340	FUN_00200340
00200420	FUN_00200420
002004b0	FUN_002004b0
00200550	InitModelCollisionData
00200590	ModelCollisionData_Destroy
002005e0	FUN_002005e0
00200690	FUN_00200690
002006b0	FUN_002006b0
002006b8	FUN_002006b8
00200710	FUN_00200710
002007d0	FUN_002007d0
00200808	FUN_00200808
00200848	FUN_00200848
00200908	FUN_00200908
00200950	LoadBbox
00200998	GetBBFromModelColData
002009d8	FUN_002009d8
00200b00	FUN_00200b00
00200b70	FUN_00200b70
00200c80	FUN_00200c80
00200d28	FUN_00200d28
00200dd8	FUN_00200dd8
00200ec0	FUN_00200ec0
00201020	FUN_00201020
00201050	FUN_00201050
00201060	FUN_00201060
00201078	FUN_00201078
00201088	FUN_00201088
00201098	ReadModelCollisionData
00201168	FUN_00201168
00201228	FUN_00201228
00201268	FUN_00201268
00201298	FUN_00201298
00201300	FUN_00201300
00201340	FUN_00201340
00201368	FUN_00201368
00201480	FUN_00201480
002015a8	FUN_002015a8
00201600	FUN_00201600
00201628	FUN_00201628
00201698	FUN_00201698
002016c8	FUN_002016c8
002017a8	GetNodeIndex
00201828	GetDynamicSceneryRotationResult
002019a8	FUN_002019a8
002019d8	AnimateDynamicScenery
00201a18	FUN_00201a18
00201a60	RenderDynamicSceneryNode
00201a80	FUN_00201a80
00201aa0	FUN_00201aa0
00201ad8	FUN_00201ad8
00201b70	FUN_00201b70
00201b90	FUN_00201b90
00201bb8	FUN_00201bb8
00201bf0	GetBbox
00201c68	FUN_00201c68
00201d0c	FUN_00201d0c
00201d60	FUN_00201d60
00201ef8	FUN_00201ef8
00202280	FUN_00202280
00202360	FUN_00202360
00202470	ReverseStringConcatenation
002025b8	FUN_002025b8
002027c8	FUN_002027c8
00202a60	GetIndexBasedOnAllocSize
00202be8	CacheAlloc?
00202cf0	FUN_00202cf0
00202ed8	FUN_00202ed8
00203098	FUN_00203098
00203168	FUN_00203168
00203250	FUN_00203250
00203368	FUN_00203368
002035b8	FUN_002035b8
00203680	FUN_00203680
002037a8	GetReadTableIndex
00203888	FUN_00203888
002039c0	FUN_002039c0
00203ae8	FUN_00203ae8
00203de0	FUN_00203de0
00203fb0	FUN_00203fb0
00204020	FUN_00204020
00204090	FUN_00204090
002040b0	FUN_002040b0
002041b0	FUN_002041b0
00204268	FUN_00204268
002042d8	NewString
00204338	StringDelete
00204378	AppendDecimalDigits
002043f0	FloatToString
00204498	NumberToString?
00204558	CopyToString
002045c0	FUN_002045c0
00204658	FUN_00204658
00204718	CreateStringFromChar
002047f0	ConcatenateString
002048e0	FUN_002048e0
00204918	FUN_00204918
002049b0	StringLess
002049f0	GetGameResourceName?
00204ab0	FUN_00204ab0
00204b18	ForwardToBackSlash
00204b60	StringAssign
00204c00	FUN_00204c00
00204c88	GetMemoryAddress
00204cc0	MemoryAllocateAligned
00204d38	FreeMemory
00204d78	FUN_00204d78
00204dd0	FUN_00204dd0
00204e98	FUN_00204e98
00204ed0	CreateHeapManager?
00204ef8	FUN_00204ef8
00204f20	InitHeapManager?
00204f60	FUN_00204f60
00205090	FUN_00205090
00205158	FUN_00205158
00205188	HeapAlloc?
002051d8	FreeHeap?
002052c0	InitMemController?
002052f0	FUN_002052f0
00205340	InitAllocatorCache
002053c8	FreeCache?
00205488	InitRootNode?
002054b0	FUN_002054b0
002054d8	AllocateMemory
00205550	GetAvailableAddress
00205580	FreeAddress
002055a8	FUN_002055a8
00205608	IsDiskNodeLoaded?
00205688	FUN_00205688
00205750	FUN_00205750
002057d0	FUN_002057d0
00205840	FUN_00205840
002058b0	FUN_002058b0
00205968	FUN_00205968
00205a28	FUN_00205a28
00205af8	FUN_00205af8
00205b50	GetDiskNodeIndex
00205c18	ReleaseDiskNode
00205c70	FUN_00205c70
00205c88	FUN_00205c88
00205cb8	GetReadDiskDataPosition?
00205d10	FUN_00205d10
00205d18	FUN_00205d18
00205e00	StoreInCacheChain
00205e40	FUN_00205e40
00205e80	FUN_00205e80
00205f70	UnlinkAllocatorNode
00205fe8	FUN_00205fe8
00206580	ReadScriptCommand
002066a0	FUN_002066a0
00206900	ExecuteScripts?
00206e40	GetChildScriptDataToCall
00206f00	ExecuteScripts2?
00207178	InitSomeUnkownGlobals
002071f0	FUN_002071f0
00207378	GetVector4FromByteIndexInScriptSupport1
00207530	FUN_00207530
00207750	LoadMajorScriptData
00207838	ReadScriptCondition
00207910	CreateTriggerEvent
00207c00	FUN_00207c00
00207ee0	FUN_00207ee0
002081c0	InitTriggerNode
002082e8	FUN_002082e8
00208308	FUN_00208308
00208338	FUN_00208338
00208378	Command_NowRotateJoint_Read
00208380	FUN_00208380
00208388	FUN_00208388
002083a0	ScriptCommandInterface_Destroy
00208410	ReadMovementCommandArgs
002084f0	FUN_002084f0
00208500	FUN_00208500
00208510	FUN_00208510
00208528	ReadScriptArgInt
00208550	FUN_00208550
00208578	StoreScriptArgToSlot
002085c0	FUN_002085c0
00208680	StoreScriptArgTyped
00208798	InitDiskDataReader
002087f8	DiskDataReader_Rewind
00208800	GetCurrentPosition
00208818	DiskDataReader_AtEnd
00208830	DiskDataReader_Next
00208858	GetScriptId
00208860	SetFlagField
00208878	FUN_00208878
00208888	IsHeader
00208890	FUN_00208890
002088c0	GetScriptId
002088d0	IsHeader
002088d8	FUN_002088d8
002088e0	FUN_002088e0
00208900	FUN_00208900
00208990	FUN_00208990
00208a40	ReadStateBody
00208b58	FUN_00208b58
00208b98	FUN_00208b98
00208bb0	ReadScriptData
00208cb0	InitGenericScriptInfo
00208d18	DestroyGenericScriptInfo?
00208d70	FUN_00208d70
00208dc0	FUN_00208dc0
00208df0	FUN_00208df0
00208e10	FUN_00208e10
00208ef0	FUN_00208ef0
00208f50	LoadStateBodies
00208fc0	LoadStateBodyAddresses
00209010	LoadScriptState
00209150	FUN_00209150
00209168	FUN_00209168
002091b8	ReadScriptType1
00209280	FUN_00209280
002092e8	FUN_002092e8
00209350	FUN_00209350
002093b8	GetFloatFromByteIndexInScriptSupport1
00209450	GetIntFromByteIndexInScriptSupport1
002094e8	GetFlagFromByteIndexInScriptSupport1
002095a8	FUN_002095a8
002095e8	InitHeaderScript
00209660	DestroyHeaderScript
00209710	ReadHeaderScript
002097d8	FUN_002097d8
00209828	FUN_00209828
002098a0	GetCameraInstanceContext
002098d8	FUN_002098d8
00209900	FUN_00209900
00209918	DestroyObj?
00209940	FUN_00209940
002099a0	FUN_002099a0
002099c8	FUN_002099c8
002099e0	FUN_002099e0
00209a00	GetScriptFloatArg
00209a68	GetScriptIntArg
00209ab0	GetScriptAngleArg
00209b40	DestroyMajorScript
00209bd8	ReadMainScript
00209c38	SetFlagField
00209c68	FUN_00209c68
00209c78	FUN_00209c78
00209ca0	ReadTrigger
00209d30	FUN_00209d30
00209d60	FUN_00209d60
00209d78	FUN_00209d78
00209db0	FUN_00209db0
00209de8	FUN_00209de8
00209e38	FUN_00209e38
00209ea8	FUN_00209ea8
00209ed8	FUN_00209ed8
00209ef8	FUN_00209ef8
0020a090	FUN_0020a090
0020a1c0	FUN_0020a1c0
0020a358	FUN_0020a358
0020a5a0	InitScriptEventCaller
0020a728	FUN_0020a728
0020b130	FUN_0020b130
0020b3f0	FUN_0020b3f0
0020b5a0	FUN_0020b5a0
0020b6e8	FUN_0020b6e8
0020be50	FUN_0020be50
0020c0b0	FUN_0020c0b0
0020c2a0	FUN_0020c2a0
0020c7b0	FUN_0020c7b0
0020c900	FUN_0020c900
0020c9f8	AdvanceScriptControlPacket
0020cae0	FUN_0020cae0
0020cc38	FUN_0020cc38
0020cd10	FUN_0020cd10
0020e258	FUN_0020e258
0020eab8	FUN_0020eab8
0020ebd8	FUN_0020ebd8
0020ec30	FUN_0020ec30
0020ecd8	FUN_0020ecd8
0020ed38	FUN_0020ed38
0020edd0	FUN_0020edd0
0020edf8	FUN_0020edf8
0020ee20	FUN_0020ee20
0020ee90	FUN_0020ee90
0020eeb8	FUN_0020eeb8
0020eee0	FUN_0020eee0
0020efb8	FUN_0020efb8
0020f0a0	FUN_0020f0a0
0020f0f0	FUN_0020f0f0
0020f160	FUN_0020f160
0020f1d0	FUN_0020f1d0
0020f268	FUN_0020f268
0020f2d8	FUN_0020f2d8
0020f360	FUN_0020f360
0020f448	FUN_0020f448
0020f520	FUN_0020f520
0020f550	FUN_0020f550
0020f5b0	AdvanceKeyIndex
0020f5f8	FUN_0020f5f8
0020f640	FUN_0020f640
0020f6b0	FUN_0020f6b0
0020f6d0	FUN_0020f6d0
0020f758	DiscardRoute
0020f7b0	FUN_0020f7b0
0020f878	FUN_0020f878
0020f8a0	FUN_0020f8a0
0020f8c8	FUN_0020f8c8
0020f950	FUN_0020f950
0020f9b8	FUN_0020f9b8
0020f9e0	FUN_0020f9e0
0020fa08	FUN_0020fa08
0020fa40	FUN_0020fa40
0020faa0	FUN_0020faa0
0020faf8	FUN_0020faf8
0020fb58	FUN_0020fb58
0020fbe8	FUN_0020fbe8
0020fc90	FUN_0020fc90
0020fce8	PopScriptStatesAbove
0020fd48	FUN_0020fd48
0020fe38	FUN_0020fe38
0020fef0	GetScriptCallContext
0020ffa0	FUN_0020ffa0
0020ffc0	FUN_0020ffc0
002101d8	GetContextByCallConvention
002102c8	Command_RunScriptSlot_Run
00210390	Command_SetBehaviourPriority_Read
00210468	FUN_00210468
002106d8	Command_RestartPrevious_Run
002108a0	FUN_002108a0
00210980	Command_DestroyMe_Read
00210aa0	FUN_00210aa0
00210df8	FUN_00210df8
002111a8	FUN_002111a8
00211318	FUN_00211318
00211420	FUN_00211420
00211548	FUN_00211548
00211738	FUN_00211738
00211888	FUN_00211888
00211b68	FUN_00211b68
00211c58	FUN_00211c58
00211d38	FUN_00211d38
00211df8	SetInstanceAnimation?
00212028	FUN_00212028
00212298	FUN_00212298
002124c0	FUN_002124c0
002126e8	Command_ForceAnimUpdate_Read
002127d0	FUN_002127d0
00212988	FUN_00212988
00212b18	FUN_00212b18
00212cb8	FUN_00212cb8
00212ef8	FUN_00212ef8
00213000	FUN_00213000
00213120	FUN_00213120
00213238	FUN_00213238
00213340	FUN_00213340
00213700	FUN_00213700
00214100	FUN_00214100
002143c0	FUN_002143c0
002144d8	FUN_002144d8
00214630	FUN_00214630
00214728	FUN_00214728
00214978	FUN_00214978
00214aa8	FUN_00214aa8
00214c80	FUN_00214c80
00214e58	FUN_00214e58
00214f70	FUN_00214f70
002150d0	FUN_002150d0
00215330	FUN_00215330
00215460	FUN_00215460
002156e0	FUN_002156e0
00215850	FUN_00215850
00215c68	FUN_00215c68
00215e88	Command_NowTurn_Run
00215fd0	FUN_00215fd0
00216118	FUN_00216118
00216510	FUN_00216510
00216990	Command_RotWarp_Read
00216dd8	FUN_00216dd8
00216f18	Command_SubtypeOf177_Read
00217300	Command_SubtypeOf177_Run
002176e8	Command_RotWarp_Run
00217d40	FUN_00217d40
002181c8	FUN_002181c8
00218860	FUN_00218860
00219018	FUN_00219018
00219170	FUN_00219170
002195e0	FUN_002195e0
00219768	FUN_00219768
002199a0	FUN_002199a0
00219b10	FUN_00219b10
00219ea8	FUN_00219ea8
0021a020	FUN_0021a020
0021a378	FUN_0021a378
0021a4a0	FUN_0021a4a0
0021aa00	FUN_0021aa00
0021ad40	FUN_0021ad40
0021af18	FUN_0021af18
0021b140	FUN_0021b140
0021b408	Command_DUMMY_197_Read
0021b5e8	FUN_0021b5e8
0021bf48	Command_SetWobble_Read
0021c980	Command_AlterWobblePhase_Read
0021cab0	Command_AlterWobblePhase_Run
0021cbd0	FUN_0021cbd0
0021cd00	FUN_0021cd00
0021ce60	FUN_0021ce60
0021cf90	FUN_0021cf90
0021d0c0	FUN_0021d0c0
0021d1e8	FUN_0021d1e8
0021d2e0	FUN_0021d2e0
0021d3d8	FUN_0021d3d8
0021d4d0	FUN_0021d4d0
0021d610	FUN_0021d610
0021d6e8	FUN_0021d6e8
0021d7c0	Command_SetShadow_Read
0021d8b0	Command_SetShadowCircle_Read
0021da40	FUN_0021da40
0021db88	Command_SetShadowMesh_Read
0021dcf8	FUN_0021dcf8
0021de40	Command_SetShadowRectangle_Read
0021dfc0	FUN_0021dfc0
0021e0f8	FUN_0021e0f8
0021e4e8	FUN_0021e4e8
0021e9f0	GetSoundID
0021eaa0	FUN_0021eaa0
0021ec10	Command_BeginMusic_Read
0021ee00	FUN_0021ee00
0021efc8	FUN_0021efc8
0021f090	Command_SetSound_Read
0021f268	FUN_0021f268
0021f340	FUN_0021f340
0021f438	FUN_0021f438
0021f830	FUN_0021f830
00220348	FUN_00220348
00220410	Command_DestroySpawnedAttachment_Read
002204d8	Command_DestroySpawnedAttachment_Run
00220620	FUN_00220620
00220690	InitScriptExecutionState
002206e0	FUN_002206e0
00220710	FUN_00220710
00220760	FUN_00220760
002207a0	FUN_002207a0
002207c8	FUN_002207c8
002207f8	FUN_002207f8
00220830	FUN_00220830
00220858	FUN_00220858
00220860	GetScriptActionSize
00220868	FUN_00220868
00220898	FUN_00220898
002208c8	FUN_002208c8
00220920	FUN_00220920
00220978	FUN_00220978
002209b0	FUN_002209b0
002209e0	FUN_002209e0
002209e8	FUN_002209e8
00220a10	FUN_00220a10
00220a38	FUN_00220a38
00220a40	FUN_00220a40
00220a60	GetScriptCommandSize
00220a68	FUN_00220a68
00220a90	FUN_00220a90
00220ab8	FUN_00220ab8
00220ae0	FUN_00220ae0
00220b08	FUN_00220b08
00220b30	FUN_00220b30
00220b60	FUN_00220b60
00220b90	FUN_00220b90
00220bb8	FUN_00220bb8
00220be8	FUN_00220be8
00220c18	FUN_00220c18
00220c48	FUN_00220c48
00220c78	FUN_00220c78
00220cb0	FUN_00220cb0
00220ce8	FUN_00220ce8
00220d10	FUN_00220d10
00220d38	Command_RunScriptSlot_Read
00220e00	FUN_00220e00
00220ea0	FUN_00220ea0
00220f00	FUN_00220f00
00220fa0	FUN_00220fa0
00221008	FUN_00221008
00221010	Command_ClearThreats_Read
002210a8	Command_SetBehaviourPriority_Run
002210f8	Command_ClearThreats_Run
00221120	FUN_00221120
00221170	InitStoreCurrentSpaceCommand
002211c8	ExecuteCommand_Destroy
00221228	FUN_00221228
002212a8	FUN_002212a8
002212e0	ExecuteCommand_0x4E
00221310	FUN_00221310
002213e8	FUN_002213e8
002214d8	FUN_002214d8
002215c8	FUN_002215c8
00221630	FUN_00221630
00221658	FUN_00221658
00221680	FUN_00221680
00221708	FUN_00221708
00221760	FUN_00221760
002217c8	FUN_002217c8
00221898	FUN_00221898
00221930	FUN_00221930
00221950	Command_ControllerRumble_Read
002219e0	Command_ControllerRumble_Run
00221a08	FUN_00221a08
00221a68	FUN_00221a68
00221a70	FUN_00221a70
00221ab8	FUN_00221ab8
00221ac0	FUN_00221ac0
00221af8	FUN_00221af8
00221ba0	ExecutePlayAnimationCommand
00221bd0	InitClearAnimCommand
00221c38	FUN_00221c38
00221ce8	FUN_00221ce8
00221d80	Command_ForceAnimUpdate_Run
00221e18	FUN_00221e18
00221e70	FUN_00221e70
00221ec8	FUN_00221ec8
00221f18	FUN_00221f18
00221f68	FUN_00221f68
00221f90	FUN_00221f90
00221fb8	FUN_00221fb8
00221fe8	FUN_00221fe8
00222040	FUN_00222040
00222068	FUN_00222068
00222090	FUN_00222090
002220c0	FUN_002220c0
002220f0	FUN_002220f0
00222120	FUN_00222120
00222148	FUN_00222148
00222170	FUN_00222170
00222198	FUN_00222198
002221c8	FUN_002221c8
002221f0	FUN_002221f0
00222218	FUN_00222218
00222240	FUN_00222240
00222268	FUN_00222268
00222298	FUN_00222298
002223d8	FUN_002223d8
00222468	Command_RequestAttachmentFocus_Read
002224f8	Command_RequestAttachmentFocus_Run
00222660	Command_ClearFocus_Run
00222688	FUN_00222688
002226a8	FUN_002226a8
00222750	FUN_00222750
002227a0	FUN_002227a0
002227f0	FUN_002227f0
00222840	FUN_00222840
00222890	FUN_00222890
002228e0	FUN_002228e0
00222930	FUN_00222930
00222958	FUN_00222958
00222988	FUN_00222988
002229b8	FUN_002229b8
002229e0	FUN_002229e0
00222a08	FUN_00222a08
00222a30	FUN_00222a30
00222a58	FUN_00222a58
00222a88	Command_NowMoveForwards_Read
00222ab0	Command_NowMoveBackwards_Read
00222ad8	Command_NowStrafeLeft_Read
00222b00	Command_NowStrafeRight_Read
00222b78	Command_NowMoveForwards_Run
00222c10	Command_NowMoveBackwards_Run
00222c60	Command_NowStrafeLeft_Run
00222d00	Command_NowStrafeRight_Run
00222d98	FUN_00222d98
00222e18	Command_StopMoving_Run
00222e38	FUN_00222e38
00222e60	FUN_00222e60
00222e68	FUN_00222e68
00222e90	FUN_00222e90
00222eb8	FUN_00222eb8
00222ee8	FUN_00222ee8
00222f38	FUN_00222f38
00222f60	Command_TriggerLinkedObjects_Read
00223000	Command_TriggerLinkedObjects_Run
002230c8	FUN_002230c8
00223130	FUN_00223130
002231d8	FUN_002231d8
002232c0	FUN_002232c0
00223350	FUN_00223350
002233c0	FUN_002233c0
002233e8	FUN_002233e8
00223410	Command_SetState_Read
002234a8	Command_SetState_Run
00223538	Command_ToggleState_Run
002235b0	FUN_002235b0
002235e0	FUN_002235e0
00223608	FUN_00223608
00223630	FUN_00223630
00223658	FUN_00223658
00223680	FUN_00223680
002236a8	FUN_002236a8
002236d0	FUN_002236d0
002236f8	FUN_002236f8
00223720	Command_NextKey_Run
00223750	FUN_00223750
00223770	FUN_00223770
00223790	Command_NextRouteNode_Run
002237b0	FUN_002237b0
002237d0	Command_DiscardRoute_Run
00223800	FUN_00223800
002238b8	FUN_002238b8
002238e0	FUN_002238e0
00223910	FUN_00223910
00223940	FUN_00223940
00223a28	FUN_00223a28
00223ad0	FUN_00223ad0
00223b90	FUN_00223b90
00223c20	FUN_00223c20
00223c48	FUN_00223c48
00223c78	FUN_00223c78
00223ca8	Command_DUMMY_197_Run
00223ce0	FUN_00223ce0
00223d30	FUN_00223d30
00223d58	FUN_00223d58
00223da8	FUN_00223da8
00223e10	FUN_00223e10
00223e78	FUN_00223e78
00223ee0	FUN_00223ee0
00223f08	FUN_00223f08
00223f30	FUN_00223f30
00223f58	FUN_00223f58
00223f80	FUN_00223f80
00223fa8	FUN_00223fa8
00223fd0	FUN_00223fd0
00223ff8	FUN_00223ff8
00224020	FUN_00224020
00224050	FUN_00224050
00224080	FUN_00224080
002240b0	FUN_002240b0
002240d8	FUN_002240d8
00224100	FUN_00224100
00224128	FUN_00224128
00224150	FUN_00224150
00224178	FUN_00224178
002241a0	FUN_002241a0
002241d0	FUN_002241d0
00224200	FUN_00224200
00224230	FUN_00224230
00224258	Command_SetWobble_Run
00224288	FUN_00224288
00224360	Command_ClearWobble_Run
002243a0	FUN_002243a0
002243d0	FUN_002243d0
00224400	FUN_00224400
00224420	FUN_00224420
00224440	FUN_00224440
00224478	FUN_00224478
002244b0	FUN_002244b0
00224540	FUN_00224540
00224588	FUN_00224588
00224618	FUN_00224618
00224668	FUN_00224668
00224698	FUN_00224698
00224770	FUN_00224770
002247d0	FUN_002247d0
002247d8	FUN_002247d8
00224858	FUN_00224858
002248d0	FUN_002248d0
00224950	FUN_00224950
00224978	FUN_00224978
002249a0	FUN_002249a0
00224ab8	Command_SetShadow_Run
00224ae8	Command_SetShadowCircle_Run
00224b18	Command_SetShadowMesh_Run
00224b48	Command_SetShadowRectangle_Run
00224b78	Command_ShadowToggle_Read
00224c08	FUN_00224c08
00224c50	Command_ShadowToggle_Run
00224c80	FUN_00224c80
00224d10	FUN_00224d10
00224d58	FUN_00224d58
00224d88	FUN_00224d88
00224dd8	FUN_00224dd8
00224e20	Command_BeginMusic_Run
00224e58	FUN_00224e58
00224e80	FUN_00224e80
00224ea8	FUN_00224ea8
00224ed8	FUN_00224ed8
00224f30	FUN_00224f30
00224f68	FUN_00224f68
00224f90	FUN_00224f90
00224fc8	FUN_00224fc8
00225000	FUN_00225000
00225028	FUN_00225028
00225058	FUN_00225058
002250f0	Command_EndContextMusic_Read
00225180	Command_EndContextMusic_Run
002251a0	FUN_002251a0
002251c8	Command_SetSound_Run
00225220	FUN_00225220
002252a0	FUN_002252a0
002252c8	FUN_002252c8
002252f0	FUN_002252f0
00225338	FUN_00225338
002253a0	FUN_002253a0
00225478	FUN_00225478
002254f8	FUN_002254f8
00225540	InitSpawnResidentAgentCommand
00225808	FUN_00225808
00225810	FUN_00225810
00225840	FUN_00225840
00225878	FUN_00225878
00225898	FUN_00225898
002259a8	FUN_002259a8
00225ac8	FUN_00225ac8
00225be0	FUN_00225be0
00225cf8	Condition_MeFacingFocus_Check
00225f70	FUN_00225f70
00226118	FUN_00226118
00226378	Condition_FocusFacingMe_Check
002265f8	Condition_ClearLineOfSightToFocus_Check
00226820	FUN_00226820
00226af0	FUN_00226af0
00226cf0	Condition_CanSeeFocus_Check
00226fd8	Condition_FocusAgentCanSeeMe_Check
002272c0	Condition_HeightAboveFocus_Check
00227580	Condition_MeFacingRouteNode_Check
002276e0	Condition_ClearLineOfSightToRouteNode_Check
002277f8	Condition_MeFacingCamera_Check
00227978	Condition_CameraFacingMe_Check
00227b10	Condition_InCameraFrustrum_Check
00227c10	Condition_ClearLineOfSightToCamera_Check
00227d48	Condition_CameraCanSeeMe_Check
00227ee8	Condition_HeadLookingAtFocus_Check
00228118	Condition_HeadCanSeeFocus_Check
002283b0	FUN_002283b0
00228578	Condition_HeadLookingAtRouteNode_Check
002286a0	FUN_002286a0
00228878	Condition_FocusHeadLookingAtMe_Check
00228ab0	Condition_FocusHeadCanSeeMe_Check
00228d50	FUN_00228d50
00229060	FUN_00229060
00229088	Condition_IsCollidable_Read
002290b8	Condition_IsVisible_Read
002290e8	Condition_IsLoadZoneStateSet_Read
00229118	FUN_00229118
00229148	FUN_00229148
00229178	CheckConditionInstanceContextBitfieldRelated
002291a8	CheckConditionInstanceContextBitfieldFlag11
002291d0	CheckPersistentFlagCondition
00229290	FUN_00229290
002292f8	Condition_TouchingTerrain_Read
00229328	Condition_TouchingAnyAgent_Read
00229358	FUN_00229358
00229388	FUN_00229388
002293b8	FUN_002293b8
002293e8	Condition_IsResting_Read
00229418	FUN_00229418
00229448	Condition_SqrMoveSpeed_Read
00229478	FUN_00229478
002294a8	FUN_002294a8
002294d8	FUN_002294d8
00229508	FUN_00229508
00229538	FUN_00229538
00229568	FUN_00229568
00229598	Condition_TouchingTerrain_Check
00229670	Condition_TouchingAnyAgent_Check
002296e8	FUN_002296e8
00229778	FUN_00229778
002297f0	FUN_002297f0
00229868	Condition_IsResting_Check
00229980	Condition_SqrMoveSpeed_Check
002299b0	FUN_002299b0
00229b48	Condition_CounterValue_Read
00229b78	Condition_CounterValueEqualsThreshold_Read
00229ba8	FUN_00229ba8
00229bd8	FUN_00229bd8
00229c10	FUN_00229c10
00229c40	Condition_CounterValue_Check
00229c78	Condition_CounterValueEqualsThreshold_Check
00229cd0	FUN_00229cd0
00229d40	FUN_00229d40
00229e10	Condition_Else_Read
00229e40	Condition_TimeInUnit_Read
00229e70	Condition_Random_Read
00229ea0	Condition_IsBusy_Read
00229ed0	Condition_ActorSubtypeEquals_Read
00229f00	FUN_00229f00
00229f30	Condition_SoftFlagSet_Read
00229f60	FUN_00229f60
00229f90	FUN_00229f90
00229fc0	FUN_00229fc0
00229ff0	FUN_00229ff0
0022a020	CheckAnimationProgressCondition?
0022a048	Condition_IsBusy_Check
0022a070	CheckConditionDefault
0022a088	CheckConditionGetRandFloat
0022a0a8	CheckInstanceTypeCondition
0022a0f0	FUN_0022a0f0
0022a128	CheckInstanceFlagSet
0022a190	FUN_0022a190
0022a280	Condition_GotAttachedObject_Read
0022a2b0	Condition_GotLinkedObject_Read
0022a2e0	FUN_0022a2e0
0022a310	FUN_0022a310
0022a340	Condition_LostAllAttachments_Read
0022a370	Condition_GotAttachmentOnExit_Read
0022a3a0	Condition_AttachedToAnAgent_Read
0022a3d0	FUN_0022a3d0
0022a400	Condition_GotAttachedObject_Check
0022a428	FUN_0022a428
0022a488	Condition_GotLinkedObject_Check
0022a4c0	FUN_0022a4c0
0022a538	Condition_GotAttachmentOnExit_Check
0022a5c0	Condition_AttachedToAnAgent_Check
0022a5f0	Condition_LostAllAttachments_Check
0022a650	FUN_0022a650
0022a678	Condition_GotUserMessageEquals_Read
0022a6a8	Condition_GotAnyUserMessage_Read
0022a6d8	FUN_0022a6d8
0022a708	Condition_GotUserMessageEquals_Check
0022a768	Condition_GotAnyUserMessage_Check
0022a7e8	Condition_IsPathComplete_Read
0022a818	Condition_InsideEdgeStartNode_Read
0022a848	Condition_InsideEdgeEndNode_Read
0022a878	FUN_0022a878
0022a8a8	Condition_GotRoute_Read
0022a8d8	FUN_0022a8d8
0022a908	FUN_0022a908
0022a938	Condition_GotKeys_Read
0022a968	Condition_CurrentKey_Read
0022a998	FUN_0022a998
0022a9c8	FUN_0022a9c8
0022a9f8	FUN_0022a9f8
0022aa28	FUN_0022aa28
0022aa58	Condition_CurrentKeyEquals_Read
0022aa88	FUN_0022aa88
0022aab8	FUN_0022aab8
0022aae8	FUN_0022aae8
0022ab18	FUN_0022ab18
0022ab48	FUN_0022ab48
0022ab78	Condition_IsPathComplete_Check
0022abe8	FUN_0022abe8
0022ac40	FUN_0022ac40
0022aca8	Condition_GotRoute_Check
0022ad10	Condition_GotKeys_Check
0022ad78	Condition_CurrentKey_Check
0022ade8	FUN_0022ade8
0022ae38	Condition_CurrentKeyEquals_Check
0022ae90	Condition_InsideEdgeStartNode_Check
0022aef0	Condition_InsideEdgeEndNode_Check
0022afb0	FUN_0022afb0
0022aff8	Condition_AnimationFinished_Read
0022b028	Condition_GetAnimationTimeRemaining_Read
0022b058	Condition_XCycle_Read
0022b088	Condition_YCycle_Read
0022b0b8	Condition_ZCycle_Read
0022b0e8	FUN_0022b0e8
0022b118	FUN_0022b118
0022b148	FUN_0022b148
0022b178	FUN_0022b178
0022b1a8	FUN_0022b1a8
0022b1d8	FUN_0022b1d8
0022b208	FUN_0022b208
0022b238	FUN_0022b238
0022b268	FUN_0022b268
0022b298	FUN_0022b298
0022b2c8	FUN_0022b2c8
0022b2f8	FUN_0022b2f8
0022b328	CheckAnimationEndedCondition
0022b390	Condition_GetAnimationTimeRemaining_Check
0022b3d0	Condition_XCycle_Check
0022b450	Condition_YCycle_Check
0022b4c8	Condition_ZCycle_Check
0022b540	FUN_0022b540
0022b5a8	FUN_0022b5a8
0022b610	FUN_0022b610
0022b678	FUN_0022b678
0022b6f0	FUN_0022b6f0
0022b768	FUN_0022b768
0022b7e0	FUN_0022b7e0
0022b858	FUN_0022b858
0022b8d0	FUN_0022b8d0
0022b928	FUN_0022b928
0022b980	FUN_0022b980
0022b9e8	Condition_MeFacingFocus_Read
0022ba18	FUN_0022ba18
0022ba48	FUN_0022ba48
0022ba78	Condition_FocusFacingMe_Read
0022baa8	Condition_ClearLineOfSightToFocus_Read
0022bad8	FUN_0022bad8
0022bb08	FUN_0022bb08
0022bb38	Condition_HeightAboveFocus_Read
0022bb68	FUN_0022bb68
0022bb98	FUN_0022bb98
0022bbc8	Condition_CanSeeFocus_Read
0022bbf8	Condition_FocusAgentCanSeeMe_Read
0022bc28	Condition_MeFacingRouteNode_Read
0022bc58	Condition_ClearLineOfSightToRouteNode_Read
0022bc88	Condition_MeFacingCamera_Read
0022bcb8	Condition_CameraFacingMe_Read
0022bce8	Condition_InCameraFrustrum_Read
0022bd18	Condition_ClearLineOfSightToCamera_Read
0022bd48	Condition_CameraCanSeeMe_Read
0022bd78	Condition_HeadLookingAtFocus_Read
0022bda8	Condition_HeadCanSeeFocus_Read
0022bdd8	FUN_0022bdd8
0022be08	Condition_HeadLookingAtRouteNode_Read
0022be38	FUN_0022be38
0022be68	Condition_FocusHeadLookingAtMe_Read
0022be98	Condition_FocusHeadCanSeeMe_Read
0022bec8	FUN_0022bec8
0022bef8	FUN_0022bef8
0022bf28	FUN_0022bf28
0022bf60	FUN_0022bf60
0022bf90	FUN_0022bf90
0022bfc0	FUN_0022bfc0
0022bff0	FUN_0022bff0
0022c1a0	FUN_0022c1a0
0022c1f8	Condition_IsInExternalScript_Read
0022c228	FUN_0022c228
0022c258	Condition_IsInExternalScript_Check
0022c2c8	FUN_0022c2c8
0022c2e8	FUN_0022c2e8
0022c760	NodeContainsActor
0022c870	FUN_0022c870
0022c9a0	FUN_0022c9a0
0022cac0	FUN_0022cac0
0022d0e0	FUN_0022d0e0
0022d4f8	FUN_0022d4f8
0022d9e8	FUN_0022d9e8
0022e0b8	FUN_0022e0b8
0022e190	FUN_0022e190
0022e2d0	FUN_0022e2d0
0022e410	FUN_0022e410
0022e598	FUN_0022e598
0022e730	FUN_0022e730
0022e8c8	FUN_0022e8c8
0022ea88	FUN_0022ea88
0022ec40	FUN_0022ec40
0022ef00	FUN_0022ef00
0022f018	FUN_0022f018
0022f208	FUN_0022f208
0022f2e8	FUN_0022f2e8
0022f440	FUN_0022f440
0022f568	FUN_0022f568
0022f6a8	FUN_0022f6a8
0022f9b0	FUN_0022f9b0
0022fbf0	FUN_0022fbf0
0022fd38	FUN_0022fd38
0022fee8	FUN_0022fee8
00230428	FUN_00230428
00230668	FUN_00230668
00230a28	FUN_00230a28
00230b80	FUN_00230b80
00230e58	FUN_00230e58
00231050	FUN_00231050
00231160	FUN_00231160
00231580	FUN_00231580
00231840	FUN_00231840
00231cc8	FUN_00231cc8
00232728	FUN_00232728
002329f0	FUN_002329f0
00232e30	FUN_00232e30
002331c0	FUN_002331c0
00233500	FUN_00233500
00233668	FUN_00233668
00233768	FUN_00233768
00233988	FUN_00233988
00233d68	FUN_00233d68
00233e90	FUN_00233e90
00233fa0	FUN_00233fa0
002341a8	FUN_002341a8
002346b8	FUN_002346b8
002347b0	FUN_002347b0
002348b8	FUN_002348b8
002349c0	FUN_002349c0
00234ac8	FUN_00234ac8
00234e70	FUN_00234e70
00235060	FUN_00235060
002352b0	FUN_002352b0
00236090	FUN_00236090
00236220	FUN_00236220
002362a8	FUN_002362a8
00236418	FUN_00236418
002365a0	FUN_002365a0
00236728	FUN_00236728
002368b0	FUN_002368b0
00236a48	FUN_00236a48
00236ab8	FUN_00236ab8
00236bd0	FUN_00236bd0
00236d00	FUN_00236d00
00236de8	FUN_00236de8
00237138	FUN_00237138
00237288	FUN_00237288
002372f8	FUN_002372f8
00237448	FUN_00237448
00237a60	FUN_00237a60
00237a70	FUN_00237a70
00237b10	FUN_00237b10
00237cc0	FUN_00237cc0
00237db0	FUN_00237db0
00238050	FUN_00238050
002381a8	FUN_002381a8
00238318	InitWobbleBlock
00238370	FUN_00238370
00238708	FUN_00238708
00238850	FUN_00238850
00238aa8	FUN_00238aa8
00238ed8	FUN_00238ed8
0023a290	FUN_0023a290
0023a390	FUN_0023a390
0023a600	FUN_0023a600
0023aaa8	FUN_0023aaa8
0023ae68	FUN_0023ae68
0023b8d0	FUN_0023b8d0
0023bb70	FUN_0023bb70
0023bd30	FUN_0023bd30
0023bee0	FUN_0023bee0
0023bf40	FUN_0023bf40
0023bf68	FUN_0023bf68
0023bfc0	FUN_0023bfc0
0023c068	FUN_0023c068
0023c0e8	FUN_0023c0e8
0023c1c8	FUN_0023c1c8
0023c288	FUN_0023c288
0023c348	FUN_0023c348
0023c410	FUN_0023c410
0023c510	FUN_0023c510
0023c518	FUN_0023c518
0023c578	FUN_0023c578
0023c5f8	FUN_0023c5f8
0023c650	FUN_0023c650
0023c738	FUN_0023c738
0023c760	FUN_0023c760
0023c7a0	FUN_0023c7a0
0023c7a8	GetNodeIndex
0023c870	GetGameObjectAddress_FromInstance?
0023c8a8	GetPropsHolderFromInstanceNode
0023c998	FUN_0023c998
0023ca10	FUN_0023ca10
0023cbf8	FUN_0023cbf8
0023ce48	FUN_0023ce48
0023cea0	FUN_0023cea0
0023cf48	FUN_0023cf48
0023cfd8	AddRandomOffset
0023d090	GetExitPointTransform
0023d150	InitInstanceNodePrototype
0023d1b8	FUN_0023d1b8
0023d238	ResetInstanceNodePrototype
0023d290	InstanceNodePrototype_Destroy
0023d300	FUN_0023d300
0023d328	ClearPendingUserMessage
0023d340	FUN_0023d340
0023d390	FUN_0023d390
0023d3a8	GetInstanceGameObject
0023d420	FUN_0023d420
0023d460	BindNodeToObjectContext
0023d490	FUN_0023d490
0023d4c0	FUN_0023d4c0
0023d510	FUN_0023d510
0023d598	InitInstanceNodeType0
0023d5e8	FUN_0023d5e8
0023d668	FUN_0023d668
0023d6a0	FUN_0023d6a0
0023d6c8	FUN_0023d6c8
0023d750	FUN_0023d750
0023d7f0	FUN_0023d7f0
0023d8e0	FUN_0023d8e0
0023d8f8	FUN_0023d8f8
0023d958	FUN_0023d958
0023d970	FUN_0023d970
0023da70	FUN_0023da70
0023db68	FUN_0023db68
0023dbe8	FUN_0023dbe8
0023dc68	FUN_0023dc68
0023dcb0	FUN_0023dcb0
0023ddd8	RefreshWobbleTarget
0023de38	FUN_0023de38
0023df20	FUN_0023df20
0023dfb0	FUN_0023dfb0
0023e040	FUN_0023e040
0023e120	FUN_0023e120
0023e178	FUN_0023e178
0023e200	DestroyInstanceParticles
0023e238	FUN_0023e238
0023e270	FUN_0023e270
0023e2c0	FUN_0023e2c0
0023e308	GetOrCreateWobble
0023e398	FUN_0023e398
0023e420	FUN_0023e420
0023e4a8	FUN_0023e4a8
0023e510	ClearWobble
0023e560	ClearContactResponse
0023e608	FUN_0023e608
0023e650	FUN_0023e650
0023e668	ClearInstanceCollider
0023e6d8	FUN_0023e6d8
0023e720	FUN_0023e720
0023e7a0	FUN_0023e7a0
0023e7b8	FUN_0023e7b8
0023e7f0	FUN_0023e7f0
0023e868	FUN_0023e868
0023e918	FUN_0023e918
0023e970	FUN_0023e970
0023ea28	FUN_0023ea28
0023eaa8	FUN_0023eaa8
0023eb00	FUN_0023eb00
0023eb88	FUN_0023eb88
0023ec28	FUN_0023ec28
0023ecb0	FUN_0023ecb0
0023eda8	FUN_0023eda8
0023edd0	FUN_0023edd0
0023ee18	FUN_0023ee18
0023ee60	FUN_0023ee60
0023eec0	FUN_0023eec0
0023efa0	FUN_0023efa0
0023eff0	FUN_0023eff0
0023f038	FUN_0023f038
0023f040	FUN_0023f040
0023f068	FUN_0023f068
0023f088	FUN_0023f088
0023f1a8	FUN_0023f1a8
0023f1d8	FUN_0023f1d8
0023f290	FUN_0023f290
0023f2c0	InitSetWobbleCommand
0023f318	FUN_0023f318
0023f340	FUN_0023f340
0023f570	FUN_0023f570
0023f638	FUN_0023f638
0023f650	FUN_0023f650
0023f6b0	FUN_0023f6b0
0023f7c0	FUN_0023f7c0
0023f8d0	FUN_0023f8d0
0023f9e0	FUN_0023f9e0
0023fa10	FUN_0023fa10
0023fa70	FUN_0023fa70
0023fa98	FUN_0023fa98
0023fb20	FUN_0023fb20
0023fb80	FUN_0023fb80
0023fbc8	FUN_0023fbc8
0023fbf8	FUN_0023fbf8
0023fc60	FUN_0023fc60
0023fcd0	FUN_0023fcd0
0023fd38	FUN_0023fd38
0023fdd0	FUN_0023fdd0
0023fe08	FUN_0023fe08
0023fea8	FUN_0023fea8
0023ff38	FUN_0023ff38
0023ffb0	FUN_0023ffb0
00240010	FUN_00240010
002400a0	FUN_002400a0
002400f8	FUN_002400f8
00240150	FUN_00240150
002401c8	FUN_002401c8
00240240	InitInstanceParticles
002402b8	InstanceParticles_Destroy
00240350	AddParticleCommandArg
002403d8	FUN_002403d8
00240488	FUN_00240488
002404c8	FUN_002404c8
00240568	FUN_00240568
00240648	FUN_00240648
002406d8	WobbleBlock_Destroy
00240730	FUN_00240730
00240790	FUN_00240790
00240880	FUN_00240880
00240948	FUN_00240948
002409b0	DetachWobbleCollider
00240a78	FUN_00240a78
00240b68	FUN_00240b68
00240bc8	FUN_00240bc8
00240be8	FUN_00240be8
00240d80	FUN_00240d80
00240f70	CheckDistanceFromPlayerCondition
00241288	Condition_GotAnyFocus_Check
00241380	Condition_FocusActorEquals_Check
00241460	FUN_00241460
00241578	FUN_00241578
00241620	FUN_00241620
002416b8	Condition_FocusHasAttachment_Check
00241790	Condition_FocusIsBusy_Check
00241930	FUN_00241930
00241aa8	FUN_00241aa8
00241cc8	Condition_BoxAboveIsOverlapped_Check
00242040	FUN_00242040
002421a0	FUN_002421a0
00242438	FUN_00242438
002426d0	FUN_002426d0
00242968	FUN_00242968
00242b98	FUN_00242b98
00242dc8	FUN_00242dc8
00242ff8	FUN_00242ff8
002433e8	FUN_002433e8
00243530	FUN_00243530
00243c68	Command_SetLogicalRadius_Read
00243d28	Command_SetSurface_Read
00243e38	Command_SetLogicalRadius_Run
00243f60	FUN_00243f60
00244560	Command_ContinueColliderMotion_Read
00244710	Command_ContinueColliderMotion_Run
00244858	FUN_00244858
00244cc8	FUN_00244cc8
00245008	FUN_00245008
002452f0	FUN_002452f0
002454f8	Command_ApplyImpulse_Read
00245758	Command_ApplyImpulse_Run
002459a0	FUN_002459a0
00245ad0	FUN_00245ad0
00245e50	FUN_00245e50
00245f80	FUN_00245f80
002465a0	FUN_002465a0
00246950	FUN_00246950
00246a88	FUN_00246a88
00246c10	FUN_00246c10
00246f70	FUN_00246f70
00247270	FUN_00247270
00247490	FUN_00247490
00247ba0	FUN_00247ba0
002480c0	FUN_002480c0
00248270	FUN_00248270
002485a0	FUN_002485a0
00248838	FUN_00248838
00248a68	FUN_00248a68
00248bb8	FUN_00248bb8
002490a8	FUN_002490a8
00249510	FUN_00249510
00249618	FUN_00249618
002498c8	FUN_002498c8
0024a078	FUN_0024a078
0024a7b8	FUN_0024a7b8
0024ac68	FUN_0024ac68
0024b168	FUN_0024b168
0024b408	FUN_0024b408
0024b808	FUN_0024b808
0024bca0	FUN_0024bca0
0024c3f0	ApplyImpulseToBody
0024c508	FUN_0024c508
0024c690	FUN_0024c690
0024c858	FUN_0024c858
0024ca00	Command_NowRotateJoint_Run
0024cb28	Command_AttachFocusObject2_Read
0024cec0	Command_AttachFocusObject2_Run
0024d338	FUN_0024d338
0024d5d0	FUN_0024d5d0
0024d9d0	Command_DropAttachedObject_Read
0024db90	Command_DropAttachedObject_Run
0024df20	FUN_0024df20
0024dfe8	FUN_0024dfe8
0024e1c0	Command_ThrowAttachedObject_Read
0024e4a0	Command_ThrowAttachedObject_Run
0024e7c0	FUN_0024e7c0
0024eae8	FUN_0024eae8
0024ee40	Command_UnsupportAbove_Read
0024f160	Command_UnsupportAbove_Run
0024f428	FUN_0024f428
0024f5a0	FUN_0024f5a0
0024f928	Command_ForceVolumeController_Read
0024fad0	Command_ForceVolumeController_Run
0024fc40	FUN_0024fc40
0024fce0	FUN_0024fce0
0024ffa0	FUN_0024ffa0
00250ab8	Command_BroadcastUserMessage_Read
00250ce0	Command_BroadcastUserMessage_Run
00251118	FUN_00251118
00251218	FUN_00251218
002517c8	FUN_002517c8
002518b0	FUN_002518b0
00251900	InitGameObjectScriptAppend
00251910	FUN_00251910
00251970	ExecuteGameObjectAppendCommands
002519c8	LoadScriptPack
00251a40	Condition_MeToFocusSqrDist_Read
00251a70	FUN_00251a70
00251aa0	FUN_00251aa0
00251ad0	FUN_00251ad0
00251b00	FUN_00251b00
00251b30	FUN_00251b30
00251b60	FUN_00251b60
00251b90	FUN_00251b90
00251bc0	FUN_00251bc0
00251bf0	FUN_00251bf0
00251c20	FUN_00251c20
00251c50	FUN_00251c50
00251c80	FUN_00251c80
00251cb0	Condition_GotAnyFocus_Read
00251ce0	FUN_00251ce0
00251d10	FUN_00251d10
00251d40	FUN_00251d40
00251d70	FUN_00251d70
00251da0	Condition_FocusActorEquals_Read
00251dd0	FUN_00251dd0
00251e00	FUN_00251e00
00251e30	FUN_00251e30
00251e60	Condition_FocusHasAttachment_Read
00251e90	Condition_FocusIsBusy_Read
00251ec0	FUN_00251ec0
00251ef0	FUN_00251ef0
00251f20	Condition_MeToInitPosSqrDist_Read
00251f50	FUN_00251f50
00251f80	FUN_00251f80
00251fb0	Condition_BoxAboveIsOverlapped_Read
00251fe0	FUN_00251fe0
00252010	FUN_00252010
00252040	FUN_00252040
00252078	CheckDistanceFromSpawnCondition
00252120	FUN_00252120
00252408	FUN_00252408
00252500	FUN_00252500
002526a0	FUN_002526a0
00252750	InitMiniBigBoiBase
002527b0	FUN_002527b0
00252818	FUN_00252818
00252848	FUN_00252848
002528d8	FUN_002528d8
00252960	FUN_00252960
00252a78	FUN_00252a78
00252ab8	FUN_00252ab8
00252af8	FUN_00252af8
00252bd0	FUN_00252bd0
00252be0	FUN_00252be0
00252c88	FUN_00252c88
00252ce0	RemoveColliderFromList
00252d50	FUN_00252d50
00252e10	FUN_00252e10
00252e68	RemoveColliderFromSubList
00252ed8	FUN_00252ed8
00252f00	FUN_00252f00
00252f28	FUN_00252f28
00252f50	FUN_00252f50
00252f70	Command_SetSurface_Run
00252fa8	FUN_00252fa8
00252ff0	InitSetCollisionsCommand
00253198	FUN_00253198
002531c0	FUN_002531c0
002531e8	FUN_002531e8
00253210	FUN_00253210
00253268	FUN_00253268
00253290	FUN_00253290
002532b8	FUN_002532b8
002532d8	InitColliderLaunchNowCommand
00253458	FUN_00253458
00253488	FUN_00253488
002534b0	FUN_002534b0
00253500	FUN_00253500
00253528	FUN_00253528
00253558	FUN_00253558
00253580	FUN_00253580
002535a8	FUN_002535a8
002535d0	FUN_002535d0
00253628	FUN_00253628
00253650	FUN_00253650
00253678	FUN_00253678
002536d8	FUN_002536d8
00253768	FUN_00253768
002537c0	FUN_002537c0
00253850	FUN_00253850
002538b0	FUN_002538b0
00253908	Command_ClearCollisions_Run
00253938	FUN_00253938
00253980	FUN_00253980
00253a10	FUN_00253a10
00253a70	FUN_00253a70
00253ad0	Command_ClearContactResponse_Run
00253b18	FUN_00253b18
00253b68	FUN_00253b68
00253bb8	Command_RevertColliderMotion_Run
00253bd8	FUN_00253bd8
00253c60	FUN_00253c60
00253de0	GetRouteNode
00253e28	FUN_00253e28
00253eb8	FUN_00253eb8
00253f70	ReleaseRouteNodes
00254030	Collider_Destroy
00254088	FUN_00254088
00254150	ClearColliderListSlot
00254190	FUN_00254190
002541b8	FUN_002541b8
002541e0	FUN_002541e0
00254260	FUN_00254260
002542a0	FUN_002542a0
002542e0	FUN_002542e0
00254310	FUN_00254310
00254340	FUN_00254340
00254380	FUN_00254380
002543a8	FUN_002543a8
00254428	FUN_00254428
002544f8	FUN_002544f8
002545c8	FUN_002545c8
002546a0	FUN_002546a0
002546f0	FUN_002546f0
00254730	FUN_00254730
00254788	FUN_00254788
002547a8	FUN_002547a8
00254830	FUN_00254830
00254868	FUN_00254868
002548d8	FUN_002548d8
00254940	FUN_00254940
002549b0	FUN_002549b0
002549b8	FUN_002549b8
00254a10	FUN_00254a10
00254ad8	FUN_00254ad8
00254b28	FUN_00254b28
00254b50	FUN_00254b50
00254c40	FUN_00254c40
00254c88	FUN_00254c88
00254cb8	FUN_00254cb8
00254ce8	FUN_00254ce8
00254d18	FUN_00254d18
00254d40	FUN_00254d40
00254d70	FUN_00254d70
00254d98	FUN_00254d98
00254df8	FUN_00254df8
00254e50	FUN_00254e50
00254e78	FUN_00254e78
00254ea0	FUN_00254ea0
00254ec8	FUN_00254ec8
00254ef0	FUN_00254ef0
00254f60	FUN_00254f60
00254f88	Command_DetachAllSprings_Run
00254fc0	Command_UnsupportOverFocus_Run
00254ff0	Command_RequestDetach_Run
00255010	FUN_00255010
00255038	FUN_00255038
00255090	FUN_00255090
002550b8	FUN_002550b8
002550e8	FUN_002550e8
00255118	FUN_00255118
00255140	FUN_00255140
00255170	Command_ClearUserMessage_Run
00255190	FUN_00255190
00255238	FUN_00255238
002552e8	FUN_002552e8
00255430	FUN_00255430
00255450	FUN_00255450
00255690	FUN_00255690
00255738	FUN_00255738
00255898	FUN_00255898
002559e0	FUN_002559e0
00255d08	FUN_00255d08
00255e50	FUN_00255e50
00256018	FUN_00256018
00256120	FUN_00256120
00256238	FUN_00256238
00256378	FUN_00256378
00256518	FUN_00256518
00256788	FUN_00256788
00256e78	FUN_00256e78
00257018	FUN_00257018
00257088	FUN_00257088
002571b0	FUN_002571b0
002572c8	FUN_002572c8
002573f0	FUN_002573f0
00257578	FUN_00257578
002576a8	FUN_002576a8
00257828	FUN_00257828
002578e8	FUN_002578e8
002579a8	FUN_002579a8
00257a88	FUN_00257a88
00257b68	FUN_00257b68
00257c38	FUN_00257c38
00257cf8	FUN_00257cf8
00257dc8	FUN_00257dc8
00257fd0	FUN_00257fd0
00258518	FUN_00258518
00258760	FUN_00258760
00258898	FUN_00258898
002589f8	FUN_002589f8
002592d8	FUN_002592d8
00259420	FUN_00259420
00259778	FUN_00259778
002598e8	GetOgiNodeFromObject
002599b0	FUN_002599b0
00259a48	FUN_00259a48
00259ce0	FUN_00259ce0
0025a018	FUN_0025a018
0025a160	GetTicksFromTime
0025a1a8	FUN_0025a1a8
0025a1e8	FUN_0025a1e8
0025a250	FUN_0025a250
0025a2e8	FUN_0025a2e8
0025a348	FUN_0025a348
0025a378	FUN_0025a378
0025a418	FUN_0025a418
0025a4b8	InitRendererRelatedInGameControllerBase
0025a510	FUN_0025a510
0025a540	FUN_0025a540
0025a550	FUN_0025a550
0025a5b0	FUN_0025a5b0
0025a610	FUN_0025a610
0025a680	FUN_0025a680
0025a6f0	FUN_0025a6f0
0025a760	FUN_0025a760
0025a790	FUN_0025a790
0025a7c0	FUN_0025a7c0
0025a830	FUN_0025a830
0025a858	FUN_0025a858
0025a890	FUN_0025a890
0025a8c8	FUN_0025a8c8
0025a978	FUN_0025a978
0025a9a0	FUN_0025a9a0
0025aa90	FUN_0025aa90
0025aac0	FUN_0025aac0
0025aaf8	FUN_0025aaf8
0025ab38	FUN_0025ab38
0025abe0	FUN_0025abe0
0025ac40	FUN_0025ac40
0025aca0	FUN_0025aca0
0025acf8	FUN_0025acf8
0025ae28	FUN_0025ae28
0025af08	FUN_0025af08
0025afb8	FUN_0025afb8
0025b020	FUN_0025b020
0025b0e8	FUN_0025b0e8
0025b158	FUN_0025b158
0025b190	FUN_0025b190
0025b248	FUN_0025b248
0025b2f8	FUN_0025b2f8
0025b380	FUN_0025b380
0025b3b0	FUN_0025b3b0
0025b400	FUN_0025b400
0025b440	FUN_0025b440
0025b4c0	FUN_0025b4c0
0025b538	FUN_0025b538
0025b580	FUN_0025b580
0025b5f8	FUN_0025b5f8
0025b670	FUN_0025b670
0025b6e0	FUN_0025b6e0
0025b710	FUN_0025b710
0025b740	FUN_0025b740
0025b770	FUN_0025b770
0025b7a0	FUN_0025b7a0
0025b7e0	FUN_0025b7e0
0025b890	FUN_0025b890
0025b8c0	FUN_0025b8c0
0025b970	FUN_0025b970
0025b9e8	FUN_0025b9e8
0025ba50	FUN_0025ba50
0025ba88	FUN_0025ba88
0025bb38	FUN_0025bb38
0025bbc0	FUN_0025bbc0
0025bbe8	FUN_0025bbe8
0025bc38	FUN_0025bc38
0025bd08	FUN_0025bd08
0025bde0	FUN_0025bde0
0025bed8	FUN_0025bed8
0025bf68	AppendToIntArray
0025c048	FUN_0025c048
0025c078	FUN_0025c078
0025c0f0	FUN_0025c0f0
0025c108	FUN_0025c108
0025c138	FUN_0025c138
0025c1b0	FUN_0025c1b0
0025c1c8	FUN_0025c1c8
0025c218	FUN_0025c218
0025c270	FUN_0025c270
0025c388	FUN_0025c388
0025c3c0	FUN_0025c3c0
0025c3f0	FUN_0025c3f0
0025c400	FUN_0025c400
0025c428	FUN_0025c428
0025c438	FUN_0025c438
0025c4b8	FUN_0025c4b8
0025c4f0	FUN_0025c4f0
0025c598	FUN_0025c598
0025c5c0	FUN_0025c5c0
0025c630	FUN_0025c630
0025c668	FUN_0025c668
0025c6b0	FUN_0025c6b0
0025c7b8	FUN_0025c7b8
0025c838	FUN_0025c838
0025c850	FUN_0025c850
0025c8d0	FUN_0025c8d0
0025c948	FUN_0025c948
0025c9c8	FUN_0025c9c8
0025ca68	FUN_0025ca68
0025cb88	FUN_0025cb88
0025cc00	FUN_0025cc00
0025cc30	FUN_0025cc30
0025cc98	FUN_0025cc98
0025cd38	FUN_0025cd38
0025cd98	FUN_0025cd98
0025ce48	FUN_0025ce48
0025cf50	LoadParticles?
0025cf88	FUN_0025cf88
0025d058	FUN_0025d058
0025d078	FUN_0025d078
0025d098	FUN_0025d098
0025d1e0	InitGameObject
0025d2b0	CreateGameObject
0025d380	FUN_0025d380
0025d618	ReadGameObject
0025ddb8	CopyInstanceProperties
0025dfa0	FUN_0025dfa0
0025e080	CreateInstanceContext
0025e558	FUN_0025e558
0025e888	FUN_0025e888
0025ebb8	FUN_0025ebb8
0025ecd0	FUN_0025ecd0
0025efd8	FUN_0025efd8
0025f080	ReadInstance
0025f448	FUN_0025f448
0025f558	FUN_0025f558
0025f640	FUN_0025f640
0025f938	LoadObjectResources
00260310	FUN_00260310
00260f08	ReadResourceReferences
00261218	ReadInstancePropertiesList
00261488	FUN_00261488
00261610	BindInstanceOgi
002616c0	ExecuteEvent
002618b0	FUN_002618b0
00261a40	ReadCodeModel
00261b68	FUN_00261b68
00261c70	FUN_00261c70
00261c98	FUN_00261c98
00261cd0	FUN_00261cd0
00261d20	FUN_00261d20
00261d28	FUN_00261d28
00261d90	GetTriggerReceiver
00261da0	GetOgiID_FromScriptSlots
00261dd8	GetAnimID_FromObject
00261e10	GetScriptId_FromScriptSlot
00261e50	GetSoundID_FromObject
00261ea8	InitInstancePropsHolderBase
00261ec8	FUN_00261ec8
00261f30	StoreInstanceFlagInHolder
00261fd0	GetFlagPropAtIndex
00262080	StoreInstanceFloatInHolder
00262110	GetFloatPropAtIndex
002621a0	StoreInstanceIntInHolder
00262230	GetInstanceIntProp
002622b8	InitInstanceConstructor
00262340	DestroyInstanceConstructor
00262380	FUN_00262380
00262388	FUN_00262388
00262390	FUN_00262390
00262398	FUN_00262398
002623a0	FUN_002623a0
002623a8	FUN_002623a8
002623b0	FUN_002623b0
002623b8	FUN_002623b8
002623c0	FUN_002623c0
002623c8	FUN_002623c8
002623d0	FUN_002623d0
002623f8	FUN_002623f8
00262400	GetOgiNodeFromInstance
00262488	FUN_00262488
002624c8	FUN_002624c8
002624d0	FUN_002624d0
00262550	FUN_00262550
002625a0	FUN_002625a0
00262648	InitGameResourceManagerBase
002626c8	FUN_002626c8
00262728	FUN_00262728
002627b0	FUN_002627b0
002627c0	FUN_002627c0
002627d8	FUN_002627d8
002627f0	FUN_002627f0
00262808	FUN_00262808
00262818	FUN_00262818
00262830	FUN_00262830
00262840	FUN_00262840
00262858	InitGameInstance?
00262900	InitInstance
002629c0	CopyInstProps?
00262a20	FUN_00262a20
00262a50	FUN_00262a50
00262a80	FUN_00262a80
00262a88	FUN_00262a88
00262ac8	FUN_00262ac8
00262ae0	FUN_00262ae0
00262b08	FUN_00262b08
00262b98	FUN_00262b98
00262bc8	FUN_00262bc8
00262bf8	FUN_00262bf8
00262c20	FUN_00262c20
00262c30	FUN_00262c30
00262c80	GetNextObjectElemIdAddress
00262c98	FUN_00262c98
00262e60	FUN_00262e60
00262f80	InitInstanceProperties
00262fd0	FreeInstancePropsList?
00263058	FUN_00263058
00263080	FUN_00263080
00263098	FUN_00263098
002630b0	GetFlagPropAtIndex
002630d0	GetFloatPropAtIndex
002630e8	GetIntegerPropAtIndex
00263108	FUN_00263108
00263138	FUN_00263138
00263148	TouchEventWithin
00263198	AgentEventWithin
002631d8	ResetInstanceCreationHelperBase
002631e8	RETURN_BACK
002631f0	InitObjectInstanceContextBase
002632f0	FUN_002632f0
00263390	ActivateObjectInstance
00263410	FUN_00263410
00263428	FUN_00263428
002634c8	RunObjectSpawnScript
00263550	FUN_00263550
00263598	FUN_00263598
00263630	FUN_00263630
002636c8	FUN_002636c8
002636f0	AddExtraFlag
00263718	AddExtraFloat
00263750	AddExtraInt
00263788	FUN_00263788
002637d0	GetExtraFloatProp
00263808	FUN_00263808
00263840	InitGameCodeModel
00263898	FUN_00263898
00263978	FUN_00263978
00263a38	FUN_00263a38
00263ab0	FUN_00263ab0
00263ae0	FUN_00263ae0
00263b40	FUN_00263b40
00263c18	FUN_00263c18
00263d88	FUN_00263d88
00263da8	FUN_00263da8
00263e98	FUN_00263e98
00263fa8	FUN_00263fa8
00264120	FUN_00264120
00264248	FUN_00264248
00264390	LoadChunkSet
00264488	FUN_00264488
002647e8	FUN_002647e8
002648e8	ReadParticleData
00264a30	CreateRM2
00264b30	InitResources
00264c48	FUN_00264c48
002651a0	FUN_002651a0
00265920	FUN_00265920
00265a20	InitObjectTable
00265b18	InitScriptTable
00265c20	InitCodeModelTable
00265d10	InitAnimationTable
00265e00	InitSoundTable
00265ef8	InitVoiceTables
00266090	InitOgiTable
00266180	LoadObjectListResources
00266260	FUN_00266260
00266340	InitCodeItem
00266540	FUN_00266540
00266628	FUN_00266628
002667e0	FUN_002667e0
00266958	FUN_00266958
00266a90	FUN_00266a90
00266ba0	FUN_00266ba0
00266d90	FUN_00266d90
002670f0	FUN_002670f0
00267710	InitInstanceSectionItem
002678d8	GetInstanceSectionReader
00267970	FUN_00267970
00267a40	FUN_00267a40
00267b18	FUN_00267b18
00267ba0	FUN_00267ba0
00267c78	FUN_00267c78
00267d60	FUN_00267d60
00267e38	FUN_00267e38
00267ec0	FUN_00267ec0
00267f98	FUN_00267f98
00268070	FUN_00268070
002680f8	FUN_002680f8
002681d0	FUN_002681d0
002682a8	FUN_002682a8
00268330	FUN_00268330
00268408	FUN_00268408
00268438	FUN_00268438
00268468	FUN_00268468
00268498	FUN_00268498
002684c8	FUN_002684c8
002684f8	FUN_002684f8
00268528	UnloadCode
00268588	FUN_00268588
00268638	FUN_00268638
00268670	FUN_00268670
002686b0	FUN_002686b0
002686c8	FUN_002686c8
002686f8	FUN_002686f8
00268730	FUN_00268730
00268770	FUN_00268770
00268788	FUN_00268788
002687e0	FUN_002687e0
002688b0	FUN_002688b0
002688b8	FUN_002688b8
002688d0	FUN_002688d0
00268910	FUN_00268910
00268948	FUN_00268948
00268a78	FUN_00268a78
00268b50	InitChunkManagerBase
00268c10	FUN_00268c10
00268c98	LoadDefault
00268da8	FUN_00268da8
00268dd0	FindChunkInfoByName
00268e60	FindChunkByIndex
00268eb0	FUN_00268eb0
00268f08	FUN_00268f08
00268fe0	FUN_00268fe0
00269038	FUN_00269038
002690f8	FUN_002690f8
00269108	FUN_00269108
00269130	GetCounterValue
00269140	UnloadAllChunks?
002691b0	InitUnkChunkInterface
002691c8	FUN_002691c8
002691f8	FUN_002691f8
00269278	SetChunkStateBit
00269330	FUN_00269330
002693b8	GetChunkStateBit
00269440	FUN_00269440
00269478	FUN_00269478
00269490	FUN_00269490
002694a8	FUN_002694a8
002694c0	InitChunkRm2Loader
00269520	FUN_00269520
00269588	FUN_00269588
002695f8	FUN_002695f8
00269600	FUN_00269600
002696f0	FUN_002696f0
00269788	FUN_00269788
002697b8	FUN_002697b8
00269850	FUN_00269850
00269938	FUN_00269938
002699c8	FUN_002699c8
00269a50	FUN_00269a50
00269b28	InitGameObjectResourceTable
00269bf0	FUN_00269bf0
00269cc8	FUN_00269cc8
00269d50	FUN_00269d50
00269e38	FUN_00269e38
00269e68	FUN_00269e68
00269e98	FUN_00269e98
00269ec8	FUN_00269ec8
00269ef8	FUN_00269ef8
00269f28	FUN_00269f28
00269f58	FUN_00269f58
00269f88	FUN_00269f88
00269fb8	FUN_00269fb8
00269fe8	FUN_00269fe8
0026a018	FUN_0026a018
0026a070	FUN_0026a070
0026a1b8	LoadRM2
0026a208	CreateDefaultRM2
0026a2c0	DestroyRM2
0026a348	FUN_0026a348
0026a350	FUN_0026a350
0026a360	GetSubSectionsAmount_RM2
0026a368	GetRm2ItemSectionReader
0026a418	FUN_0026a418
0026a490	FUN_0026a490
0026a4f0	FUN_0026a4f0
0026a580	ReadRM2
0026a6c0	AddRm2ToLoadQueue
0026a748	FUN_0026a748
0026a778	FUN_0026a778
0026a810	LoadItem
0026a838	LoadCodeSubSection
0026a938	GetSubSectionsAmount
0026a958	FUN_0026a958
0026a978	FUN_0026a978
0026aa28	FUN_0026aa28
0026aa58	FUN_0026aa58
0026aad0	FUN_0026aad0
0026aae8	FUN_0026aae8
0026abc0	FUN_0026abc0
0026ac78	FUN_0026ac78
0026ad30	FUN_0026ad30
0026ae70	FUN_0026ae70
0026af98	FUN_0026af98
0026afc0	FUN_0026afc0
0026aff0	FUN_0026aff0
0026b028	FUN_0026b028
0026b068	FUN_0026b068
0026b088	FUN_0026b088
0026b1c8	FUN_0026b1c8
0026b1f8	FUN_0026b1f8
0026b240	FUN_0026b240
0026b258	FUN_0026b258
0026b288	FUN_0026b288
0026b2d0	FUN_0026b2d0
0026b2e8	FUN_0026b2e8
0026b318	FUN_0026b318
0026b360	FUN_0026b360
0026b378	FUN_0026b378
0026b3a8	FUN_0026b3a8
0026b3f0	FUN_0026b3f0
0026b408	FUN_0026b408
0026b438	FUN_0026b438
0026b480	FUN_0026b480
0026b498	LoadInstanceSection
0026b4c0	LoadInstanceSectionSubSection
0026b590	GetInstanceSectionSubSectionsAmount
0026b5c0	FUN_0026b5c0
0026b5e0	FUN_0026b5e0
0026b668	FUN_0026b668
0026b6f0	FUN_0026b6f0
0026b778	FUN_0026b778
0026b800	FUN_0026b800
0026b9c0	FUN_0026b9c0
0026ba20	FUN_0026ba20
0026baf8	FUN_0026baf8
0026bb60	GetInstanceSubSectionItemAmount
0026bb80	GetCameraSectionReader
0026bbe0	FUN_0026bbe0
0026bcc0	FUN_0026bcc0
0026bd28	GetTriggerAmount
0026bd48	GetTriggerSectionReader
0026bda8	FUN_0026bda8
0026be88	FUN_0026be88
0026bf10	FUN_0026bf10
0026bf70	FUN_0026bf70
0026c050	FUN_0026c050
0026c0d8	FUN_0026c0d8
0026c138	FUN_0026c138
0026c210	FUN_0026c210
0026c288	FUN_0026c288
0026c298	FUN_0026c298
0026c2f8	FUN_0026c2f8
0026c3c0	FUN_0026c3c0
0026c448	FUN_0026c448
0026c4a8	FUN_0026c4a8
0026c5a0	FUN_0026c5a0
0026c608	GetObjectInstanceAmount
0026c628	GetObjectInstanceSectionReader
0026c688	FUN_0026c688
0026c760	FUN_0026c760
0026c7c8	FUN_0026c7c8
0026c7e8	FUN_0026c7e8
0026c848	FUN_0026c848
0026c868	FUN_0026c868
0026c9c8	GetCodeModelSubItemsAmount
0026ca38	GetCodeModelSectionReader
0026cb00	FUN_0026cb00
0026cb38	FUN_0026cb38
0026cb78	FUN_0026cb78
0026cbb0	GetOgiSubItemsAmount
0026cc20	GetOgiItemReader
0026cce8	FUN_0026cce8
0026cd20	FUN_0026cd20
0026cd60	FUN_0026cd60
0026cd98	GetSubItemsAmount
0026ce08	GetAnimationItemReader
0026ced0	FUN_0026ced0
0026cf08	FUN_0026cf08
0026cf48	FUN_0026cf48
0026cf80	GetSubSectionAmount
0026cff0	GetScriptSectionItemReader
0026d0b8	FUN_0026d0b8
0026d0f0	FUN_0026d0f0
0026d130	FUN_0026d130
0026d168	GetSubItemsAmount
0026d1c8	FUN_0026d1c8
0026d1d8	GetObjectSectionReader
0026d2a0	FUN_0026d2a0
0026d2d8	FUN_0026d2d8
0026d318	FUN_0026d318
0026d350	LoadAnimation
0026d508	LoadOgi
0026d6a8	LoadCodeModel
0026d828	FUN_0026d828
0026d858	FUN_0026d858
0026d8a0	FUN_0026d8a0
0026d8b8	FUN_0026d8b8
0026d8e8	FUN_0026d8e8
0026d918	FUN_0026d918
0026d948	FUN_0026d948
0026d978	FUN_0026d978
0026d9a8	FUN_0026d9a8
0026d9d8	FUN_0026d9d8
0026da08	FUN_0026da08
0026da38	FUN_0026da38
0026da68	FUN_0026da68
0026da98	FUN_0026da98
0026dac8	FUN_0026dac8
0026daf8	FUN_0026daf8
0026db28	FUN_0026db28
0026db58	LoadObject
0026dc58	LoadScript
0026ddb8	LoadInstanceTemplate
0026df20	LoadInstance
0026e088	FUN_0026e088
0026e1f0	FUN_0026e1f0
0026e358	FUN_0026e358
0026e4c0	LoadPath
0026e640	LoadTrigger
0026e7b8	LoadCamera
0026e930	LoadCollisionSurface
0026ead0	FUN_0026ead0
0026eb60	FUN_0026eb60
0026eb88	ReadBaseTrigger
0026ed60	FUN_0026ed60
0026ee00	InitTrigger
0026ee58	FUN_0026ee58
0026ef30	FUN_0026ef30
0026efa8	FUN_0026efa8
0026f0c8	FUN_0026f0c8
0026f228	FUN_0026f228
0026f330	FUN_0026f330
0026f3f0	FUN_0026f3f0
0026f778	FUN_0026f778
0026f880	FUN_0026f880
0026fa58	FUN_0026fa58
0026fd60	FUN_0026fd60
0026fe40	FUN_0026fe40
00270040	FUN_00270040
00270398	FUN_00270398
002705d8	FUN_002705d8
00270918	FUN_00270918
00270ad8	FUN_00270ad8
00270bb8	FUN_00270bb8
00270d10	FUN_00270d10
00270f30	FUN_00270f30
00270fc8	FUN_00270fc8
00271070	FUN_00271070
00271128	FUN_00271128
00271430	FUN_00271430
00271520	FUN_00271520
00271a10	FUN_00271a10
00271b28	FUN_00271b28
00271d00	FUN_00271d00
00272350	FUN_00272350
00272c48	FUN_00272c48
00272d98	FUN_00272d98
00273010	FUN_00273010
00273738	FUN_00273738
00273a70	FUN_00273a70
00273e98	FUN_00273e98
00274048	FUN_00274048
00274820	FUN_00274820
002749c8	FUN_002749c8
00274b20	FUN_00274b20
00274e08	FUN_00274e08
002757b0	FUN_002757b0
00275978	FUN_00275978
00275cf0	FUN_00275cf0
00275f80	FUN_00275f80
00276358	FUN_00276358
002767d8	FUN_002767d8
00276910	FUN_00276910
00276fd8	FUN_00276fd8
00277108	FUN_00277108
00277250	FUN_00277250
00277398	FUN_00277398
002774b8	FUN_002774b8
00277700	FUN_00277700
00277828	FUN_00277828
00277b10	FUN_00277b10
002782e0	FUN_002782e0
002785c0	FUN_002785c0
00278798	FUN_00278798
00278840	FUN_00278840
00278960	FUN_00278960
00278da8	FUN_00278da8
00279040	FUN_00279040
00279118	FUN_00279118
00279208	FUN_00279208
002793b0	FUN_002793b0
00279488	FUN_00279488
002794c8	ReadMainCamera
00279788	FUN_00279788
00279990	FUN_00279990
00279af8	FUN_00279af8
00279d78	FUN_00279d78
00279f80	FUN_00279f80
0027a178	FUN_0027a178
0027a248	FUN_0027a248
0027a390	FUN_0027a390
0027a770	FUN_0027a770
0027aa80	FUN_0027aa80
0027ad50	FUN_0027ad50
0027af78	FUN_0027af78
0027b358	FUN_0027b358
0027b5f8	GetNodeIndex_0x9
0027b640	FUN_0027b640
0027b6c0	FUN_0027b6c0
0027b730	FUN_0027b730
0027b768	FUN_0027b768
0027b798	FUN_0027b798
0027b7e8	FUN_0027b7e8
0027b830	FUN_0027b830
0027b888	FUN_0027b888
0027b8e0	FUN_0027b8e0
0027b948	FUN_0027b948
0027b9a0	FUN_0027b9a0
0027ba60	FUN_0027ba60
0027bac8	FUN_0027bac8
0027bb98	FUN_0027bb98
0027bbd0	FUN_0027bbd0
0027bc48	FUN_0027bc48
0027bd48	SetControllerRumble
0027be10	FUN_0027be10
0027be38	FUN_0027be38
0027bef0	FUN_0027bef0
0027bfb8	FUN_0027bfb8
0027c068	FUN_0027c068
0027c0e0	FUN_0027c0e0
0027c240	FUN_0027c240
0027c2b0	FUN_0027c2b0
0027c450	FUN_0027c450
0027c480	FUN_0027c480
0027c4f0	FUN_0027c4f0
0027c560	FUN_0027c560
0027c5b8	FUN_0027c5b8
0027c5d8	FUN_0027c5d8
0027c608	FUN_0027c608
0027c658	FUN_0027c658
0027c6c8	FUN_0027c6c8
0027c7b8	FUN_0027c7b8
0027c800	FUN_0027c800
0027c810	FUN_0027c810
0027c830	FUN_0027c830
0027c898	FUN_0027c898
0027c980	FUN_0027c980
0027ca00	FUN_0027ca00
0027ca18	FUN_0027ca18
0027ca40	FUN_0027ca40
0027ca70	FUN_0027ca70
0027cac0	FUN_0027cac0
0027cb48	FUN_0027cb48
0027cc28	FUN_0027cc28
0027ccf0	FUN_0027ccf0
0027cd20	FUN_0027cd20
0027cd88	FUN_0027cd88
0027cda8	InitGameCameraSubtypeBase
0027cdc8	FUN_0027cdc8
0027cdf8	ReadBaseSubtypeCamera
0027ce70	FUN_0027ce70
0027cef8	FUN_0027cef8
0027cf58	FUN_0027cf58
0027cfe8	FUN_0027cfe8
0027d0e8	FUN_0027d0e8
0027d1c0	FUN_0027d1c0
0027d1f8	FUN_0027d1f8
0027d230	FUN_0027d230
0027d298	FUN_0027d298
0027d348	FUN_0027d348
0027d368	FUN_0027d368
0027d398	FUN_0027d398
0027d3f8	FUN_0027d3f8
0027d4b0	FUN_0027d4b0
0027d530	FUN_0027d530
0027d550	FUN_0027d550
0027d5a8	FUN_0027d5a8
0027d640	FUN_0027d640
0027d688	FUN_0027d688
0027d6e8	FUN_0027d6e8
0027d770	FUN_0027d770
0027d7f0	FUN_0027d7f0
0027d890	FUN_0027d890
0027d960	FUN_0027d960
0027d9b8	FUN_0027d9b8
0027da28	FUN_0027da28
0027da60	FUN_0027da60
0027db18	FUN_0027db18
0027db38	FUN_0027db38
0027dc00	FUN_0027dc00
0027dd30	FUN_0027dd30
0027ddb8	FUN_0027ddb8
0027de68	FUN_0027de68
0027df20	FUN_0027df20
0027df50	FUN_0027df50
0027e100	FUN_0027e100
0027e148	FUN_0027e148
0027e210	FUN_0027e210
0027e218	FUN_0027e218
0027e240	ReadCamera
0027e298	FUN_0027e298
0027e3e8	InitCameraNode
0027e440	FUN_0027e440
0027e508	FUN_0027e508
0027e568	FUN_0027e568
0027e608	FUN_0027e608
0027e6c8	FUN_0027e6c8
0027e718	FUN_0027e718
0027e778	FUN_0027e778
0027e7a0	FUN_0027e7a0
0027e888	FUN_0027e888
0027e8b8	FUN_0027e8b8
0027e8e8	FUN_0027e8e8
0027e998	FUN_0027e998
0027ea00	FUN_0027ea00
0027ea20	FUN_0027ea20
0027eb40	FUN_0027eb40
0027ee28	ReadCollisionSurface
0027f0c0	FUN_0027f0c0
0027f190	FUN_0027f190
0027f310	FUN_0027f310
0027f3f8	FUN_0027f3f8
0027f648	FUN_0027f648
0027fb58	CheckCollisionType0
0027fd40	CheckCollision
0027ff80	CheckCollisionType1
002801d8	FUN_002801d8
00280ab0	FUN_00280ab0
00280c28	RayTriangleIntersect
00280e20	FUN_00280e20
00281128	UnpackCollisionTriangle
002811b0	FUN_002811b0
002814b8	FUN_002814b8
002816f8	FUN_002816f8
002818e8	FUN_002818e8
00281c60	FUN_00281c60
00281ff0	FUN_00281ff0
00282160	FUN_00282160
00282220	FUN_00282220
002822c0	FUN_002822c0
002823c8	FUN_002823c8
00282408	FUN_00282408
00282508	FUN_00282508
00282538	LoadCollisionData
00282568	FUN_00282568
00282580	FUN_00282580
00282628	FUN_00282628
00282630	FUN_00282630
00282658	GetCollisionSurface
00282680	GetCollisionSurface
002826a8	FUN_002826a8
00282708	FUN_00282708
00282730	GetCollisionCheck
00282770	FUN_00282770
002828b8	FUN_002828b8
002828f0	FUN_002828f0
00282928	FUN_00282928
00282980	FUN_00282980
002829a0	FUN_002829a0
00282c30	FUN_00282c30
00282fd0	FUN_00282fd0
00283470	FUN_00283470
00283b80	FUN_00283b80
00283d60	FUN_00283d60
00283e98	FUN_00283e98
002840d8	FUN_002840d8
00284278	FUN_00284278
002843a8	FUN_002843a8
00284560	FUN_00284560
002846a8	FUN_002846a8
002847f0	FUN_002847f0
00284978	FUN_00284978
00284c40	FUN_00284c40
00284da8	FUN_00284da8
00284f40	FUN_00284f40
00285220	FUN_00285220
00285648	FUN_00285648
00285958	FUN_00285958
00285cb8	FUN_00285cb8
00285f88	FUN_00285f88
002867f8	FUN_002867f8
00286a50	FUN_00286a50
00286f48	FUN_00286f48
002871c8	FUN_002871c8
00287798	FUN_00287798
00287cc8	FUN_00287cc8
00287fd8	FUN_00287fd8
00288158	FUN_00288158
002881c0	FUN_002881c0
002881e0	FUN_002881e0
00288200	FUN_00288200
002882e8	FUN_002882e8
00288368	FUN_00288368
00288430	FUN_00288430
002884e8	FUN_002884e8
00288608	FUN_00288608
002886e8	FUN_002886e8
00288778	FUN_00288778
002887e0	FUN_002887e0
00288818	FUN_00288818
002888b0	FUN_002888b0
002888b8	FUN_002888b8
00288930	FUN_00288930
00288950	FUN_00288950
00288c88	FUN_00288c88
00288e08	FUN_00288e08
00288f50	FUN_00288f50
00289190	FUN_00289190
00289368	ClampBodyVelocity
002897b0	FUN_002897b0
002898e8	FUN_002898e8
00289b90	FUN_00289b90
00289c60	FUN_00289c60
00289d80	FUN_00289d80
00289e88	FUN_00289e88
00289fc0	FUN_00289fc0
0028a160	FUN_0028a160
0028a518	ApplyImpulseAtPoint
0028a760	FUN_0028a760
0028a8a8	FUN_0028a8a8
0028a9f0	FUN_0028a9f0
0028ad48	FUN_0028ad48
0028b0b8	FUN_0028b0b8
0028b228	FUN_0028b228
0028b3c0	FUN_0028b3c0
0028b690	FUN_0028b690
0028b878	FUN_0028b878
0028ba78	FUN_0028ba78
0028be00	FUN_0028be00
0028bf48	FUN_0028bf48
0028c040	FUN_0028c040
0028c668	FUN_0028c668
0028cbb0	FUN_0028cbb0
0028cf90	FUN_0028cf90
0028d490	FUN_0028d490
0028d6e0	FUN_0028d6e0
0028da10	FUN_0028da10
0028db88	FUN_0028db88
0028dca8	FUN_0028dca8
0028def0	FUN_0028def0
0028e140	FUN_0028e140
0028e798	FUN_0028e798
0028ea70	FUN_0028ea70
0028edb0	FUN_0028edb0
0028efd8	FUN_0028efd8
0028f158	FUN_0028f158
0028f428	FUN_0028f428
0028f590	FUN_0028f590
0028f728	FUN_0028f728
0028fb00	FUN_0028fb00
0028fc50	FUN_0028fc50
0028fec0	FUN_0028fec0
00290320	FUN_00290320
00290880	FUN_00290880
002909c8	FUN_002909c8
00290c58	FUN_00290c58
00290d38	FUN_00290d38
00290f28	FUN_00290f28
002913a8	FUN_002913a8
002917d0	FUN_002917d0
00291800	FUN_00291800
002918c0	FUN_002918c0
00291910	FUN_00291910
00291960	FUN_00291960
00291980	FUN_00291980
002919a0	FUN_002919a0
00291a38	FUN_00291a38
00291a78	FUN_00291a78
00291ab0	FUN_00291ab0
00291ad8	FUN_00291ad8
00291b60	FUN_00291b60
00291bf0	FUN_00291bf0
00291c40	FUN_00291c40
00291cb8	FUN_00291cb8
00291d08	FUN_00291d08
00291d58	FUN_00291d58
00291de0	FUN_00291de0
00291e28	FUN_00291e28
00291ea8	FUN_00291ea8
00291f38	FUN_00291f38
00291fd0	FUN_00291fd0
00292068	FUN_00292068
00292108	FUN_00292108
00292240	FUN_00292240
002922a0	FUN_002922a0
00292378	FUN_00292378
00292380	FUN_00292380
00292390	FUN_00292390
00292398	FUN_00292398
002923b8	FUN_002923b8
00292468	FUN_00292468
002924e0	FUN_002924e0
00292500	FUN_00292500
00292598	FUN_00292598
00292a68	FUN_00292a68
00292ae0	FUN_00292ae0
00292ba0	FUN_00292ba0
00292d08	FUN_00292d08
00292d40	FUN_00292d40
00292de0	FUN_00292de0
00292e00	FUN_00292e00
00292e90	ReleaseNodeSlot
00292f28	FUN_00292f28
00292f70	FUN_00292f70
00292fb8	FUN_00292fb8
00293048	FUN_00293048
00293140	FUN_00293140
00293298	FUN_00293298
002932c0	FUN_002932c0
00293320	FUN_00293320
00293340	SegmentTriangleDistances
002933e4	ReadEdgeTestsFromVu0
0029345c	FUN_0029345c
00293540	FUN_00293540
0029359c	FUN_0029359c
00293624	FUN_00293624
002936d8	FUN_002936d8
002938bc	FUN_002938bc
00293960	FUN_00293960
00293b50	FUN_00293b50
00293c78	CalculateProgress
00293cf0	SetAnimationData
00293f18	FUN_00293f18
00294000	ProgressAnimation
002941b0	FUN_002941b0
002943c8	UpdateExitPointMatrix
00294570	ReadJoint
00294718	AnimateJoint
00294b58	CreateJointTransform
00294cd8	DoAnimation
00294fb0	FUN_00294fb0
002950c0	GetJointAnimationFromParentJoint
002951d8	FUN_002951d8
00295370	TransformJoints
00295500	SetJointAnimations
00295600	FUN_00295600
002956b0	FacialAnimation
002957a8	FUN_002957a8
00295978	FUN_00295978
00295a50	RemoveJointAnimationSubscriber
00295af8	FUN_00295af8
00295ee8	FUN_00295ee8
00295fd0	FUN_00295fd0
002960e0	FUN_002960e0
002962d8	ReadOgi
00296a80	SetupOGIRender
00296e10	ReadAnimation
00297060	FUN_00297060
00297260	AnimateShader
002978c0	FUN_002978c0
00297a38	FUN_00297a38
00297d30	InitOgiAnimatorService
00297d68	FUN_00297d68
00297d90	FUN_00297d90
00297da8	FUN_00297da8
00297e68	FUN_00297e68
00297f38	CopyJointTransform
00297f98	InitOgiAnimationSettings
00298010	OgiAnimationSettings_Destroy
00298038	FUN_00298038
002980d0	FUN_002980d0
00298138	FUN_00298138
002981d0	FUN_002981d0
00298248	FUN_00298248
00298260	FUN_00298260
00298288	FUN_00298288
002982d8	FUN_002982d8
002982f8	FUN_002982f8
00298320	FUN_00298320
00298350	FUN_00298350
00298398	RotateJoint
00298400	AnimateJointRotation
00298518	FUN_00298518
00298520	FUN_00298520
002985e0	ScaleJoint
002986c0	TranslateJoint
00298798	FUN_00298798
002987f8	FUN_002987f8
002988c8	FUN_002988c8
002989c0	FUN_002989c0
00298a28	FUN_00298a28
00298a80	FUN_00298a80
00298b10	FUN_00298b10
00298b40	FUN_00298b40
00298ba8	FUN_00298ba8
00298bb8	FUN_00298bb8
00298bd0	AddJointAnimationSubscriber
00298ca8	SetJointAnimation
00298d70	ApplyAnimationSpeed
00298e50	GetAnimationProgress
00298f18	FUN_00298f18
00298ff0	FUN_00298ff0
00299010	ProcessAnimationData
00299060	AttachToAnimatorIfPresent
002990b8	DetachFromAnimatorIfPresent
00299110	FUN_00299110
00299198	InitOGI
00299240	GetJointIndexByID
00299280	FUN_00299280
00299330	FUN_00299330
002993b8	FUN_002993b8
00299400	FUN_00299400
00299430	InitAnimation
00299490	FUN_00299490
00299550	FUN_00299550
002995e0	FUN_002995e0
00299628	PrecompiledShaderAnimation_Destroy
002996a0	FUN_002996a0
002996b8	FUN_002996b8
00299718	FUN_00299718
00299748	FUN_00299748
00299760	FUN_00299760
002997f8	ReadDynamicScenery
00299900	FUN_00299900
00299930	FUN_00299930
00299aa8	FUN_00299aa8
00299ab8	FUN_00299ab8
00299ad0	FUN_00299ad0
00299ae8	FUN_00299ae8
00299b20	FUN_00299b20
00299cf8	FUN_00299cf8
0029a068	FUN_0029a068
0029a7e8	FUN_0029a7e8
0029aa10	FUN_0029aa10
0029abb8	FUN_0029abb8
0029acf8	FUN_0029acf8
0029aea8	FUN_0029aea8
0029afd8	FUN_0029afd8
0029b128	FUN_0029b128
0029b2a0	FUN_0029b2a0
0029b438	FUN_0029b438
0029b508	FUN_0029b508
0029b658	FUN_0029b658
0029b888	FUN_0029b888
0029b990	FUN_0029b990
0029c340	FUN_0029c340
0029c870	FUN_0029c870
0029ccf0	FUN_0029ccf0
0029cde8	FUN_0029cde8
0029d200	FUN_0029d200
0029d898	FUN_0029d898
0029db18	FUN_0029db18
0029ddb0	FUN_0029ddb0
0029df50	FUN_0029df50
0029e100	ReadCutscene
0029e340	FUN_0029e340
0029e388	FUN_0029e388
0029e3b0	FUN_0029e3b0
0029e3f8	FUN_0029e3f8
0029e428	FUN_0029e428
0029e538	LoadCutscene
0029e5a0	FUN_0029e5a0
0029e5f8	FUN_0029e5f8
0029e790	FUN_0029e790
0029e8a8	FUN_0029e8a8
0029e8e0	FUN_0029e8e0
0029e9e0	FUN_0029e9e0
0029ea38	FUN_0029ea38
0029eac8	FUN_0029eac8
0029ebe8	FUN_0029ebe8
0029ec08	FUN_0029ec08
0029ec60	FUN_0029ec60
0029ecf8	FUN_0029ecf8
0029ed70	FUN_0029ed70
0029edd8	FUN_0029edd8
0029ede0	FUN_0029ede0
0029ede8	FUN_0029ede8
0029ee60	FUN_0029ee60
0029eed8	FUN_0029eed8
0029eef0	FUN_0029eef0
0029ef00	FUN_0029ef00
0029ef30	FUN_0029ef30
0029ef38	FUN_0029ef38
0029eff8	FUN_0029eff8
0029f0c8	FUN_0029f0c8
0029f198	FUN_0029f198
0029f1e0	FUN_0029f1e0
0029f280	FUN_0029f280
0029f2a8	FUN_0029f2a8
0029f328	FUN_0029f328
0029f3f0	FUN_0029f3f0
0029f410	FUN_0029f410
0029f488	FUN_0029f488
0029f4d0	FUN_0029f4d0
0029f500	FUN_0029f500
0029f570	FUN_0029f570
0029f580	FUN_0029f580
0029f600	FUN_0029f600
0029f6d0	FUN_0029f6d0
0029f888	FUN_0029f888
0029f9e8	FUN_0029f9e8
0029fae8	FUN_0029fae8
0029fe18	FUN_0029fe18
0029ff50	FUN_0029ff50
002a00e8	FUN_002a00e8
002a0210	FUN_002a0210
002a03a8	FUN_002a03a8
002a04f0	FUN_002a04f0
002a0638	FUN_002a0638
002a0750	FUN_002a0750
002a08f8	FUN_002a08f8
002a0aa8	FUN_002a0aa8
002a0fd0	FUN_002a0fd0
002a1428	FUN_002a1428
002a1910	FUN_002a1910
002a1a48	FUN_002a1a48
002a1c58	FUN_002a1c58
002a1fb0	FUN_002a1fb0
002a20a8	FUN_002a20a8
002a2258	FUN_002a2258
002a2460	FUN_002a2460
002a25c0	FUN_002a25c0
002a2770	FUN_002a2770
002a2920	FUN_002a2920
002a2a78	FUN_002a2a78
002a2ca8	FUN_002a2ca8
002a2dc0	FUN_002a2dc0
002a2f78	FUN_002a2f78
002a31e8	FUN_002a31e8
002a35c8	FUN_002a35c8
002a38f0	FUN_002a38f0
002a3d00	FUN_002a3d00
002a4020	FUN_002a4020
002a44d8	FUN_002a44d8
002a4d48	FUN_002a4d48
002a53a8	FUN_002a53a8
002a6768	FUN_002a6768
002a6e50	FUN_002a6e50
002a7268	FUN_002a7268
002a73e0	FUN_002a73e0
002a7820	FUN_002a7820
002a7930	FUN_002a7930
002a7950	FUN_002a7950
002a79d0	InitUnkStruct_0x5C0Base
002a7a98	FUN_002a7a98
002a7b28	InitSaveIconsRelated
002a7bc8	InitBanksHeaderBase
002a7c10	FUN_002a7c10
002a7c70	FUN_002a7c70
002a7c90	FUN_002a7c90
002a7cc0	FUN_002a7cc0
002a7d18	FUN_002a7d18
002a7d78	FUN_002a7d78
002a7e58	FUN_002a7e58
002a7eb8	InitUnkStruct_0x5C0RootBase
002a7f50	FUN_002a7f50
002a7fa8	FUN_002a7fa8
002a7ff8	FUN_002a7ff8
002a8018	FUN_002a8018
002a80a8	FUN_002a80a8
002a81b8	FUN_002a81b8
002a8298	InitSaveIconsRelatedBase
002a82e8	FUN_002a82e8
002a8380	FUN_002a8380
002a83f8	FUN_002a83f8
002a8478	FUN_002a8478
002a84d8	FUN_002a84d8
002a8528	FUN_002a8528
002a85a8	FUN_002a85a8
002a8630	FUN_002a8630
002a86f0	FUN_002a86f0
002a87d8	FUN_002a87d8
002a8848	FUN_002a8848
002a8898	FUN_002a8898
002a8948	FUN_002a8948
002a8970	FUN_002a8970
002a89f0	FUN_002a89f0
002a8a40	FUN_002a8a40
002a8a78	FUN_002a8a78
002a8b18	FUN_002a8b18
002a8b38	FUN_002a8b38
002a8b58	FUN_002a8b58
002a8b78	FUN_002a8b78
002a8b98	FUN_002a8b98
002a8be0	FUN_002a8be0
002a8c68	FUN_002a8c68
002a8d00	FUN_002a8d00
002a8dd8	FUN_002a8dd8
002a8e18	FUN_002a8e18
002a8eb8	FUN_002a8eb8
002a8ee8	FUN_002a8ee8
002a8fa8	FUN_002a8fa8
002a9140	FUN_002a9140
002a92e0	FUN_002a92e0
002a94a8	FUN_002a94a8
002a9670	FUN_002a9670
002a9840	FUN_002a9840
002a98a0	FUN_002a98a0
002a98c0	FUN_002a98c0
002a9b48	FUN_002a9b48
002a9c80	FUN_002a9c80
002a9df0	FUN_002a9df0
002a9ef8	LoadChunkLinks
002a9fc8	FUN_002a9fc8
002aa118	FUN_002aa118
002aa708	FUN_002aa708
002aa8a0	FUN_002aa8a0
002aac68	FUN_002aac68
002aae10	FUN_002aae10
002ab078	FUN_002ab078
002ab150	FUN_002ab150
002ab3a8	FUN_002ab3a8
002ab500	FUN_002ab500
002ab9e0	FUN_002ab9e0
002abb48	FUN_002abb48
002abca8	FUN_002abca8
002abe38	FUN_002abe38
002abeb0	FUN_002abeb0
002abee8	FUN_002abee8
002abf08	FUN_002abf08
002abf10	FUN_002abf10
002abf50	FUN_002abf50
002abfc0	FUN_002abfc0
002ac028	Load
002ac068	FUN_002ac068
002ac0d8	FUN_002ac0d8
002ac190	FUN_002ac190
002ac1c0	FUN_002ac1c0
002ac200	FUN_002ac200
002ac270	FUN_002ac270
002ac2a8	FUN_002ac2a8
002ac2b0	FUN_002ac2b0
002ac2f0	InitUnkSecReader_0x30
002ac3c0	CreateSubItemsReader
002ac4a8	CreateSubItemsReader
002ac588	FUN_002ac588
002ac660	FUN_002ac660
002ac6e0	FUN_002ac6e0
002ac748	FUN_002ac748
002ac870	FUN_002ac870
002ac8e0	FUN_002ac8e0
002ac958	FUN_002ac958
002ac9e8	FUN_002ac9e8
002aca50	FUN_002aca50
002acab0	FUN_002acab0
002acb38	InitBDReader
002acbc0	FUN_002acbc0
002acc30	FUN_002acc30
002acc38	FUN_002acc38
002acca8	FUN_002acca8
002acd70	FUN_002acd70
002ace20	InitGenericItemReader
002ace40	FUN_002ace40
002acfb8	ReadChunkLink
002ad070	FUN_002ad070
002ad130	FUN_002ad130
002ad1b0	InitChunkLoaderBase
002ad248	FUN_002ad248
002ad2a0	FUN_002ad2a0
002ad318	FUN_002ad318
002ad390	FUN_002ad390
002ad3b0	FUN_002ad3b0
002ad3d0	FUN_002ad3d0
002ad3f0	FUN_002ad3f0
002ad478	FUN_002ad478
002ad578	FUN_002ad578
002ad630	FUN_002ad630
002ad678	ChunkLinkCollisionDataList_Destroy
002ad6d8	FUN_002ad6d8
002ad730	FUN_002ad730
002ad808	FUN_002ad808
002ad860	FUN_002ad860
002ad930	FUN_002ad930
002ad990	FUN_002ad990
002ada20	FUN_002ada20
002adad8	FUN_002adad8
002adb68	FUN_002adb68
002adbc0	FUN_002adbc0
002adc10	FUN_002adc10
002add28	FUN_002add28
002add58	FUN_002add58
002addb0	FUN_002addb0
002adde0	FUN_002adde0
002aded0	CreateFileLoadRequest
002adfd0	FUN_002adfd0
002ae048	FUN_002ae048
002ae0e8	FUN_002ae0e8
002ae138	FUN_002ae138
002ae170	StartLoadingFileFromDisk?
002ae228	FUN_002ae228
002ae2b0	FUN_002ae2b0
002ae2e8	FUN_002ae2e8
002ae370	FUN_002ae370
002ae398	GetFileSize
002ae3c0	FUN_002ae3c0
002ae3e8	FUN_002ae3e8
002ae460	FUN_002ae460
002ae4a0	FUN_002ae4a0
002ae4d8	FUN_002ae4d8
002ae518	FUN_002ae518
002ae590	FUN_002ae590
002ae608	FUN_002ae608
002ae6f0	FUN_002ae6f0
002ae760	FUN_002ae760
002ae7f8	FUN_002ae7f8
002ae820	FUN_002ae820
002ae898	FUN_002ae898
002aea48	FUN_002aea48
002aeb98	FUN_002aeb98
002aeed8	Render
002af0e0	FUN_002af0e0
002af288	FUN_002af288
002af3b0	FUN_002af3b0
002af958	FUN_002af958
002afb00	FUN_002afb00
002afc60	FUN_002afc60
002afcd8	SetSpuVolume
002afd48	FUN_002afd48
002afd58	FUN_002afd58
002afd80	FUN_002afd80
002afde8	FUN_002afde8
002afe50	FUN_002afe50
002aff08	FUN_002aff08
002aff30	FUN_002aff30
002b0050	InitGameMovieController
002b00c8	FUN_002b00c8
002b0170	FUN_002b0170
002b01e8	FUN_002b01e8
002b0238	FUN_002b0238
002b0280	FUN_002b0280
002b02d0	InitGameMovieControllerBase
002b0340	FUN_002b0340
002b0398	FUN_002b0398
002b0448	FUN_002b0448
002b0480	FUN_002b0480
002b0a68	FUN_002b0a68
002b0ee0	FUN_002b0ee0
002b1058	FUN_002b1058
002b1210	FUN_002b1210
002b1360	FUN_002b1360
002b15b0	FUN_002b15b0
002b1648	FUN_002b1648
002b16d0	FUN_002b16d0
002b1778	FUN_002b1778
002b17e8	FUN_002b17e8
002b1860	FUN_002b1860
002b1880	FUN_002b1880
002b18b8	FUN_002b18b8
002b19a0	FUN_002b19a0
002b1a88	FUN_002b1a88
002b1ac8	FUN_002b1ac8
002b1cc8	FUN_002b1cc8
002b1e78	FUN_002b1e78
002b1eb0	FUN_002b1eb0
002b1ec0	FUN_002b1ec0
002b1ee8	FUN_002b1ee8
002b1ef0	FUN_002b1ef0
002b1f38	FUN_002b1f38
002b1fb0	FUN_002b1fb0
002b2038	FUN_002b2038
002b2070	FUN_002b2070
002b20e0	FUN_002b20e0
002b2178	FUN_002b2178
002b2230	FUN_002b2230
002b2250	GetButtonPressure
002b2278	UpArrowPressure
002b22a0	DownArrowPressure
002b22b8	LeftArrowPressure
002b22d0	RightArrowPressure
002b22e8	TriangleButtonPressure
002b2300	CrossButtonPressure
002b2318	SquareButtonPressure
002b2330	CircleButtonPressure
002b2348	FUN_002b2348
002b23cc	FUN_002b23cc
002b2438	FUN_002b2438
002b24a8	FUN_002b24a8
002b2514	FUN_002b2514
002b2584	FUN_002b2584
002b25f0	FUN_002b25f0
002b2660	FUN_002b2660
002b26cc	L1ButtonPressure
002b26e4	L2ButtonPressure
002b26fc	R1ButtonPressure
002b2714	R2ButtonPressure
002b272c	FUN_002b272c
002b2754	FUN_002b2754
002b277c	FUN_002b277c
002b27a4	FUN_002b27a4
002b27d0	FUN_002b27d0
002b2a10	InitGamePadController
002b2bc8	FUN_002b2bc8
002b2dd8	FUN_002b2dd8
002b3730	FUN_002b3730
002b3868	FUN_002b3868
002b39a8	FUN_002b39a8
002b3b40	FUN_002b3b40
002b3d50	FUN_002b3d50
002b3dc8	GetButtonState
002b3e20	FUN_002b3e20
002b3e60	FUN_002b3e60
002b3f00	FUN_002b3f00
002b3f28	FUN_002b3f28
002b3f50	QueuePadCommand
002b3f98	FUN_002b3f98
002b4028	FUN_002b4028
002b40c0	FUN_002b40c0
002b40d8	FUN_002b40d8
002b4110	CreateGamePadInfo
002b4218	FUN_002b4218
002b4290	FUN_002b4290
002b42f8	FUN_002b42f8
002b4380	SetDigitalBind
002b43d8	SetAnalogBind
002b4448	FUN_002b4448
002b4468	BuildObject
002b4538	FUN_002b4538
002b4668	FUN_002b4668
002b4798	LoadItemSection
002b4970	FUN_002b4970
002b4ab0	FUN_002b4ab0
002b4c38	UnpackArchiveIntoMemory
002b4eb0	SetNextArchiveReader?
002b4fd0	ReadSections?
002b51f8	InitReadersStorage
002b5310	LoadQueuedSectionsIntoMemory?
002b54a8	FUN_002b54a8
002b55b0	FUN_002b55b0
002b57e8	FUN_002b57e8
002b5938	FUN_002b5938
002b5968	FUN_002b5968
002b5998	FUN_002b5998
002b59c8	FUN_002b59c8
002b59d8	FUN_002b59d8
002b59e8	FUN_002b59e8
002b59f8	FUN_002b59f8
002b5a08	FUN_002b5a08
002b5ae0	FUN_002b5ae0
002b5b10	FUN_002b5b10
002b5b40	FUN_002b5b40
002b5b70	FUN_002b5b70
002b5ba0	FUN_002b5ba0
002b5bd0	FUN_002b5bd0
002b5c00	FUN_002b5c00
002b5c30	FUN_002b5c30
002b5c60	FUN_002b5c60
002b5c90	FUN_002b5c90
002b5cc0	FUN_002b5cc0
002b5cf0	FUN_002b5cf0
002b5d28	FUN_002b5d28
002b5d60	FUN_002b5d60
002b5d98	FUN_002b5d98
002b5dd0	FUN_002b5dd0
002b5e08	FUN_002b5e08
002b5e40	FUN_002b5e40
002b5e78	FUN_002b5e78
002b5eb0	FUN_002b5eb0
002b5ee8	FUN_002b5ee8
002b5f60	BinReader_Get0
002b5f68	GetBlockSize
002b5f70	GetReadAmount
002b5f80	GetEOF
002b5fc0	ReturnToBeg
002b5fd0	SetEOF
002b5fe8	MovePositionBy
002b5ff8	SetPosition
002b6008	ReadByte
002b6028	ReadShort
002b6050	ReadInt
002b6078	ReadLong
002b60a0	ReadChar?
002b60c0	ReadUShort?
002b60e8	ReadUInt?
002b6110	ReadULong?
002b6138	ReadAnotherOneByteSizedThing
002b6158	ReadFloat
002b6180	FUN_002b6180
002b61b8	FUN_002b61b8
002b61f0	WriteInt
002b6228	FUN_002b6228
002b6260	FUN_002b6260
002b6298	FUN_002b6298
002b62d0	FUN_002b62d0
002b6308	FUN_002b6308
002b6340	FUN_002b6340
002b6378	FUN_002b6378
002b63c0	SyncMemory
002b63d8	InitBinaryReaderFromFile
002b6468	FUN_002b6468
002b6548	CreateBinReader
002b65e0	DeleteBinaryReader
002b6670	ReadBytesIntoMemory
002b66b8	WriteBlock
002b67f0	MoveCurPositionBackwards
002b6810	FUN_002b6810
002b6860	FUN_002b6860
002b68a0	GetItemsAmountInItem
002b68a8	GetSectionSize
002b68b0	FUN_002b68b0
002b68e8	AddResourcePackageToLoadQueue
002b69d0	AddSectionToLoadQueue
002b6a80	SetNextItem
002b6ab8	InitMultithreadingRelated_
002b6ae0	FUN_002b6ae0
002b6b38	FUN_002b6b38
002b6b78	FUN_002b6b78
002b6ba0	FUN_002b6ba0
002b6c10	FUN_002b6c10
002b6c48	FUN_002b6c48
002b6cb8	FUN_002b6cb8
002b6ce0	FUN_002b6ce0
002b6d40	FUN_002b6d40
002b6d68	FUN_002b6d68
002b6d90	FUN_002b6d90
002b6db0	FUN_002b6db0
002b6dd0	FUN_002b6dd0
002b6de0	FUN_002b6de0
002b6e40	LoadFileIntoMemory
002b7100	FUN_002b7100
002b7188	AddItemReaderToReaderStorage
002b7258	FUN_002b7258
002b7358	FUN_002b7358
002b7368	FUN_002b7368
002b7378	FUN_002b7378
002b7390	FUN_002b7390
002b73c0	LoadSectionItems
002b73e8	FUN_002b73e8
002b76d8	FUN_002b76d8
002b7850	FUN_002b7850
002b7870	gcc2_compiled.
002b7940	sceMpegCreate
002b7b78	_clearEach
002b7c40	_getpic
002b7df8	_updateRefImage
002b80b0	_decodeOrSkipFrame
002b8220	_decodeOrSkipField
002b83e8	sceMpegInit
002b8498	FUN_002b8498
002b84a8	sceMpegGetPicture
002b84f0	sceMpegGetPictureRAW8
002b8538	FUN_002b8538
002b8548	sceMpegReset
002b85c8	FUN_002b85c8
002b85e0	sceMpegAddCallback
002b8628	_sceMpegDispatchMpegCallback
002b86a0	_sceMpegDispatchMpegCbNodata
002b8718	_decodeOrSkip
002b8760	sceMpegClearRefBuff
002b87e0	_decPicture
002b88b0	FUN_002b88b0
002b88c8	FUN_002b88c8
002b88d8	FUN_002b88d8
002b88e8	_sceMpegAlalcAlloc
002b8958	FUN_002b8958
002b8980	FUN_002b8980
002b89a8	gcc2_compiled.
002b8c38	_dispRefImage
002b8ef8	_dispRefImageField
002b9318	_sceMpegFlush
002b93d8	_sceMpegOutputFrame
002b9468	gcc2_compiled.
002b9628	_sceMpegCscStoreRefImage
002b9d28	_system_header
002b9ef8	_pack_header
002ba5a0	_PES_packet
002bc348	sceMpegDemuxPssRing
002bc728	sceMpegDemuxPss
002bc748	sceMpegAddStrCallback
002bc878	gcc2_compiled.
002bc888	_sceMpegStopIpuDma
002bc928	_sceMpegErrorBdec
002bc9f0	_sceMpegError
002bca48	_sceMpegError1
002bca90	gcc2_compiled.
002bcc18	_getAllRefs
002bd320	_motionComp0
002bd570	_getRef0
002bd9f8	FUN_002bd9f8
002bdc18	_sceMpegPictureData0
002bde58	_slice0
002be188	_motionVector
002be5b0	_motionVectors
002be750	_decMB0
002beca8	_sceMpegMbAddressIncrement
002bee20	_sceMpegWaitIpuIdle
002bef88	_sceMpegWaitIpuIdle64
002bf108	_sceMpegNextBit
002bf1f0	_sceMpegPeepBit
002bf280	_sceMpegFlushBuf
002bf318	_waitIpuIdle
002bf350	_sceMpegFlushBuf
002bf358	_skipMB0
002bf418	_copyAddRefImage
002bf508	FUN_002bf508
002bf5c8	dmaRefImage
002c0438	receiveDataFromIPU
002c04d8	gcc2_compiled.
002c0678	_initSeq
002c0990	_sequenceHeader
002c0c40	_groupOfPicturesHeader
002c0ce0	_pictureHeader
002c0e28	_sequenceExtension
002c0f68	_quantMatrixExtension
002c1278	_extensionAndUserData
002c1448	_waitIpuIdle
002c1480	_sceMpegFlushBuf
002c1488	_sceMpegNextHeader
002c15e0	FUN_002c15e0
002c15e8	flushByteBoundary
002c1638	_sequenceDisplayExtension
002c16c8	_copyrightExtension
002c1760	_pictureDisplayExtension
002c1858	setD3_CHCR
002c18d0	setD4_CHCR
002c1948	sceIpuStopDMA
002c1a30	sceIpuRestartDMA
002c1b80	sceIpuSync
002c1be8	setD4_CHCR
002c1c60	sceIpuInit
002c1e98	FUN_002c1e98
002c2010	FUN_002c2010
002c22e0	FUN_002c22e0
002c2318	FUN_002c2318
002c2350	ResetGIF
002c23f0	WaitGraphicalDataTransferFinish
002c2478	sceGsResetGraph
002c2608	sceGsGetGParam
002c2618	RenderVSync
002c26b0	sceGsSyncVCallback
002c2758	memclr
002c2790	sceDmaGetChan
002c27b8	sceDmaReset
002c2898	sceDmaPutEnv
002c2aa8	FUN_002c2aa8
002c2ac0	sceDevVu0Pause
002c2b20	sceDevVu0Sync
002c2b88	FUN_002c2b88
002c2ba0	sceDevVu1Pause
002c2c00	sceDevVu1Sync
002c2c58	ResetVIF0
002c2c90	ResetVIF1
002c2cc8	FUN_002c2cc8
002c2e08	_pad_intr_hdr
002c2e50	scePadInit2
002c2f48	_send_to_iop
002c3060	scePadPortOpen
002c3248	scePadPortClose
002c3300	scePadGetDmaStr
002c3458	scePadRead
002c34d0	scePadGetState
002c3550	scePadSetReqState
002c3608	scePadGetReqState
002c3668	scePadInfoAct
002c3788	scePadInfoMode
002c38c0	scePadSetMainMode
002c3978	scePadSetActDirect
002c3a40	scePadSetActAlign
002c3b18	scePadGetButtonMask
002c3bc8	scePadSetButtonInfo
002c3c78	FUN_002c3c78
002c3cd8	scePadEnterPressMode
002c3d48	FUN_002c3d48
002c3dc0	cmd_sem_init
002c3ea8	cdvd_exit
002c3f48	_sceCd_Poff_Intr
002c3fa0	PowerOffCB
002c4018	sceCdLayerSearchFile
002c4318	sceCdSearchFile
002c4338	_sceCd_ncmd_prechk
002c4490	sceCdSync
002c4530	sceCdSyncS
002c45a0	_sceCd_scmd_prechk
002c46f8	sceCdInit
002c49e0	sceCdDiskReady_old
002c4bf8	sceCdDiskReady
002c4e18	FID_conflict:sceCdGetError
002c4eb0	sceCdBreak
002c4f68	sceCdMmode
002c5040	sceCdReadClock
002c5100	sceCdStInit
002c5130	FID_conflict:sceCddaStStart
002c5170	FID_conflict:sceCdStSeek
002c51a0	FID_conflict:sceCdStStop
002c51d8	sceCdStRead
002c5368	sceCdStream
002c54d0	sceSdRemoteInit
002c5590	sceSdRemote
002c5920	FUN_002c5920
002c5b60	sceMcOpen
002c5c88	sceMcMkdir
002c5cc0	FID_conflict:sceMcClose
002c5e30	sceMcRead
002c5f48	sceMcWrite
002c60c0	sceMcSync
002c61e0	sceMcGetInfo
002c6360	sceMcGetDir
002c64b0	mceStorePwd
002c6540	sceMcChdir
002c6680	FID_conflict:sceMcUnformat
002c6750	sceMcDelete
002c6890	FUN_002c6890
002c68c0	FUN_002c68c0
002c6998	FUN_002c6998
002c6a70	FUN_002c6a70
002c6b58	FUN_002c6b58
002c6be8	FUN_002c6be8
002c6c60	FUN_002c6c60
002c6cb8	FUN_002c6cb8
002c6cd8	FUN_002c6cd8
002c6cf8	FUN_002c6cf8
002c6d70	FUN_002c6d70
002c6da8	FUN_002c6da8
002c6e40	FUN_002c6e40
002c6ec0	FUN_002c6ec0
002c6f38	FUN_002c6f38
002c6fb0	FUN_002c6fb0
002c6fd8	FUN_002c6fd8
002c7020	FUN_002c7020
002c7040	FUN_002c7040
002c7050	CopyBytesIntoMemory
002c70fc	FUN_002c70fc
002c71f8	memset
002c72b0	DoConcat
002c73e0	StringDifference
002c752c	CopyString
002c7644	GetStringLength
002c7788	StringCopy
002c7958	FormatString
002c79d8	FUN_002c79d8
002c79e8	RegisterAtExit
002c7a88	LibcMalloc
002c7ad8	FUN_002c7ad8
002c7b20	WaitSemaphore1
002c7b80	SignalSemaphore1
002c7bc0	FUN_002c7bc0
002c85a0	GetRand
002c85d0	FUN_002c85d0
002c94d8	CompareStrings
002c95a8	FUN_002c95a8
002c9618	FUN_002c9618
002c9690	FUN_002c9690
002c9730	FUN_002c9730
002c9cc0	FUN_002c9cc0
002c9dc8	FUN_002c9dc8
002c9e98	FUN_002c9e98
002caee0	FUN_002caee0
002cb090	FUN_002cb090
002cb198	FUN_002cb198
002cc0a0	FUN_002cc0a0
002cc308	FUN_002cc308
002cca38	FUN_002cca38
002ccd30	FUN_002ccd30
002cceb0	ToLowerCase
002cced0	FUN_002cced0
002ccee8	FUN_002ccee8
002ccf10	FUN_002ccf10
002cd000	FUN_002cd000
002cd1f0	FUN_002cd1f0
002cd638	FUN_002cd638
002cdc68	FUN_002cdc68
002cde28	FUN_002cde28
002cde88	FUN_002cde88
002ce1c8	FUN_002ce1c8
002ce270	FUN_002ce270
002ce2a8	FUN_002ce2a8
002ce3b0	FUN_002ce3b0
002ce4e8	FUN_002ce4e8
002ce570	FUN_002ce570
002ce630	FUN_002ce630
002ce668	FUN_002ce668
002ce870	FUN_002ce870
002ce970	FUN_002ce970
002ceac8	FUN_002ceac8
002ceb30	FUN_002ceb30
002cecc0	FUN_002cecc0
002ced88	FUN_002ced88
002cef20	FUN_002cef20
002cf0a0	FUN_002cf0a0
002cf168	FUN_002cf168
002cf260	SetGsCrt
002cf280	Exit
002cf340	AddIntcHandler2
002cf350	AddIntcHandler2
002cf360	RemoveIntcHandler
002cf370	AddDmacHandler2
002cf380	AddDmacHandler2
002cf390	RemoveDmacHandler
002cf3a0	_EnableIntc
002cf3b0	_DisableIntc
002cf3c0	_EnableDmac
002cf3d0	_DisableDmac
002cf460	CreateThread
002cf480	StartThread
002cf4f0	ChangeThreadPriority
002cf510	RotateThreadReadyQueue
002cf550	GetThreadId
002cf560	ReferThreadStatus
002cf580	SleepThread
002cf590	WakeupThread
002cf5a0	_iWakeupThread
002cf5d0	SuspendThread
002cf640	EndOfHeap
002cf660	CreateSema
002cf670	DeleteSema
002cf680	SignalSema
002cf690	iSignalSema
002cf6a0	WaitSema
002cf6b0	PollSema
002cf700	SetOsdConfigParam
002cf710	GetOsdConfigParam
002cf8e0	FlushCache
002cf910	iFlushCache
002cf930	sceSifStopDma
002cf970	GetOsdConfigParam2
002cf9a0	GsPutIMR
002cf9d0	SetVSyncFlag
002cfa00	sceSifDmaStat
002cfa20	sceSifSetDma
002cfa30	isceSifSetDma
002cfa40	sceSifSetDChain
002cfa50	isceSifSetDChain
002cfa60	sceSifSetReg
002cfa70	sceSifGetReg
002cfa90	Deci2Call
002cfac0	GetMemorySize
002cfad0	UnkSyscall_0x82
002cfae0	FUN_002cfae0
002cfaf0	WaitForVSync
002cfb80	WaitForVSyncSet
002cfc28	write
002cfcb0	sbrk
002cfd68	FID_conflict:gcc2_compiled.
002cfe10	FID_conflict:SyncDCache
002cfe98	FID_conflict:gcc2_compiled.
002cff40	FID_conflict:SyncDCache
002cffc0	FID_conflict:iInvalidDCache
002cffd8	AreInterruptionsDisabled
002cffe8	DisableIntc
002d0050	EnableIntc
002d00b8	DisableDmac
002d0120	EnableDmac
002d0188	topThread
002d0260	InitThread
002d0350	iWakeupThread
002d03f0	DelayThread
002d04b8	StartThread
002d0630	_DelayThreadHandler
002d0658	QueueInit
002d0680	QueuePeekWriteDone
002d06c8	sceTtyHandler
002d0860	sceTtyWrite
002d09d8	sceTtyInit
002d0a98	kputchar
002d0ad0	deci2Putchar
002d0b80	serialPutchar
002d0bb8	ftoi
002d0c48	printfloat
002d0e20	_sceSnprintf
002d1b90	printf_char
002d1bb8	kprintf_char
002d1be0	_sceSnprintf_pf
002d1c30	sceSnprintf
002d1c78	DebugPrint?
002d1cf8	kprintf
002d1da8	sceSifGetSreg
002d1dd0	sceSifInitCmd
002d2050	sceSifExitCmd
002d2088	sceSifAddCmdHandler
002d2100	sceSifRemoveCmdHandler
002d2150	_sceSifSendCmd
002d2288	sceSifSendCmd
002d22c8	isceSifSendCmd
002d2308	SIF0_InterruptHandler
002d2450	sceSifWriteBackDCache
002d2500	sceSifInitRpc
002d26a0	sceSifExitRpc
002d26c8	_sceRpcGetPacket
002d2770	_sceRpcFreePacket
002d2790	_sceRpcGetFPacket
002d27c0	_sceRpcGetFPacket2
002d2800	_request_end
002d28d0	_alarm_rdata
002d2910	_request_rdata
002d29e8	_search_svdata
002d2a38	_alarm_bind
002d2a78	_request_bind
002d2b48	sceSifBindRpc
002d2c98	_request_call
002d2d28	sceSifCallRpc
002d2f28	sceSifCheckStatRpc
002d2f68	sceSifSetRpcQueue
002d3000	sceSifRegisterRpc
002d30d8	sceSifGetNextRequest
002d3130	sceSifExecRequest
002d32f8	sceSifRpcLoop
002d3338	_sceFsIobSemaMK
002d33b0	new_iob
002d3438	sceFsSifCallRpc
002d3528	get_iob
002d3598	_sceFs_Rcv_Intr
002d3950	_sceFsSemInit
002d39a8	_sceFsWaitS
002d39d8	SignalFileSemaphore
002d3a30	sceFsInit
002d3c38	_fs_version
002d3cc8	FUN_002d3cc8
002d3d00	sceOpen
002d3f90	sceClose
002d4108	sceLseek
002d4348	sceRead
002d45b8	sceWrite
002d48d8	sceSifInitIopHeap
002d4960	sceSifAllocIopHeap
002d49d0	sceSifFreeSysMemory
002d4a48	sceSifFreeIopHeap
002d4a78	_lf_bind
002d4b78	_lf_version
002d4c18	_sceSifLoadModule
002d4e40	sceSifLoadModule
002d4e88	sceSifResetIop
002d4fe0	sceSifSyncIop
002d5030	sceSifRebootIop
002d5140	DisableInterruptions
002d5190	EnableInterruptions
002d51a8	InitSemaphores
002d5210	kCopy
002d5248	kFindAddress
002d5288	Call_FUN_002D5248
002d52a0	InitSystemCallTableAddress
002d53a0	SetSyscall
002d53b0	SystemInit
002d5408	RFU116
002d5418	Copy
002d5460	RFU091
002d5470	PatchIsNeeded
002d54d8	InitExecPS2
002d55b8	InitTLB
002d55c0	ProgramExit
002d55f0	RFU116
002d5600	Copy
002d5610	kCopy
002d5648	DoSyscall_Handler_5B
002d5658	InitAlarm
002d5730	SetT2
002d57a0	SetT2_COUNT
002d57b0	SetT2_MODE
002d57c0	SetT2_COMP
002d57d0	InitTimer
002d5930	StartTimerSystemTime
002d59c8	SetNextComp
002d5b58	InsertAlarm
002d5be0	UnlinkAlarm
002d5c18	cbTimerHandler
002d5ec0	iGetTimerSystemTime
002d5f18	iAllocTimerCounter
002d5f88	AllocTimerCounter
002d5fe0	iStartTimerCounter
002d6090	StartTimerCounter
002d6110	iSetTimerHandler
002d6208	SetTimerHandler
002d6288	TimerUSec2BusClock
002d6308	_InitAlarm
002d6358	AlarmHandler
002d63b8	SetTimerAlarm
002d64e8	iSetTimerAlarm
002d65d8	sceSifInitRebootNotify
002d6610	sceSifExecNotifyHandler
002d66b8	sceDeci2Open
002d6708	sceDeci2ReqSend
002d6738	sceDeci2Poll
002d6768	sceDeci2ExRecv
002d67a0	sceDeci2ExSend
002d67e8	kputs
002d6818	Copy
002d6860	_GetEntryAddress
002d6870	_setup
002d6880	InitTLBFunctions
002d6948	UnkSyscall_0x56
002d6958	InitTLB
002d6998	InitTLB32MB
002d6b8c	FUN_002d6b8c
002d6d20	FUN_002d6d20
002d6dc8	FUN_002d6dc8
002d6df8	FUN_002d6df8
002d6f40	FUN_002d6f40
002d75d8	FUN_002d75d8
002d7638	FUN_002d7638
002d7728	SoftFloatFromInt64
002d77c0	FUN_002d77c0
002d7908	FUN_002d7908
002d7fa0	Multiply64
002d8018	FUN_002d8018
002d8038	FUN_002d8038
002d86d0	FUN_002d86d0
002d86f0	FUN_002d86f0
002d8d88	PackDouble
002d8eb8	UnpackDouble
002d8f58	FUN_002d8f58
002d91b0	SoftFloatAdd
002d9208	SoftFloatSub
002d9270	FUN_002d9270
002d92c8	FUN_002d92c8
002d9428	FUN_002d9428
002d9540	SoftFloatCompare
002d9590	SoftFloatFromInt32
002d9648	FUN_002d9648
002d96e0	FUN_002d96e0
002d9780	FUN_002d9780
002d97b0	FUN_002d97b0
002d9808	FUN_002d9808
002d9aa8	FUN_002d9aa8
002d9bb8	FUN_002d9bb8
002d9c78	FUN_002d9c78
002d9ca8	FUN_002d9ca8
002d9ce8	MemCompare16
